date,year,month,cpi_index,inflation,wpi_index,wpi_inflation
2023-04-01,2023,April,93.8,4.7,99.0,
2023-05-01,2023,May,94.3,4.31,98.6,
2023-06-01,2023,June,95.3,4.87,98.3,
2023-07-01,2023,July,98.1,7.44,99.1,
2023-08-01,2023,August,98.1,6.83,99.5,
2023-09-01,2023,September,97.0,5.02,99.6,
2023-10-01,2023,October,97.6,4.87,100.1,
2023-11-01,2023,November,98.1,5.55,100.1,
2023-12-01,2023,December,97.8,5.69,99.4,
2024-01-01,2024,January,97.7,5.1,99.3,
2024-02-01,2024,February,97.9,5.09,99.3,
2024-03-01,2024,March,97.9,4.85,99.4,
2024-04-01,2024,April,98.3,4.83,99.9,0.9090909090909038
2024-05-01,2024,May,98.9,4.8,100.4,1.8255578093306468
2024-06-01,2024,June,100.2,5.08,100.7,2.4415055951169995
2024-07-01,2024,July,101.7,3.6,101.0,1.9172552976791213
2024-08-01,2024,August,101.7,3.65,100.8,1.306532663316573
2024-09-01,2024,September,102.3,5.49,101.2,1.6064257028112428
2024-10-01,2024,October,103.7,6.21,102.1,1.998001998001997
2024-11-01,2024,November,103.5,5.48,102.1,1.998001998001997
2024-12-01,2024,December,102.9,5.22,101.6,2.213279678068392
2025-01-01,2025,January,101.67,4.063459570112582,101.1,1.812688821752273
2025-02-01,2025,February,101.32,3.4933605720122385,100.9,1.6112789526686822
2025-03-01,2025,March,101.39,3.564862104187938,100.6,1.2072434607645732
2025-04-01,2025,April,101.58,3.3367243133265445,100.5,0.6006006006005871
2025-05-01,2025,May,101.9,3.033367037411528,100.2,-0.1992031872509958
2025-06-01,2025,June,102.51,2.305389221556897,100.3,-0.3972194637537285
2025-07-01,2025,July,103.35,1.6224188790560312,100.2,-0.7920792079207928
2025-08-01,2025,August,103.74,2.0058997050147465,100.8,0.0
2025-09-01,2025,September,103.74,1.407624633431093,101.0,-0.1976284584980225
2025-10-01,2025,October,103.74,0.0385728061716328,100.9,-1.175318315377072
2025-11-01,2025,November,104.01,0.4927536231884133,101.5,-0.5876591576885359
2025-12-01,2025,December,104.1,1.1661807580174877,101.9,0.2952755905512028
2026-01-01,2026,January,104.45,2.73433657912856,102.3,1.186943620178038
2026-02-01,2026,February,104.57,3.207658902487176,103.1,2.18037661050543
2026-03-01,2026,March,104.84,3.4027024361376945,104.6,3.976143141153088
2026-04-01,2026,April,105.12,3.484937979917313,108.9,8.358208955223878
2026-05-01,2026,May,105.91,3.935230618253183,110.1,9.880239520958067
2026-06-01,2026,June,107.0,4.380060481904202,110.2,9.870388833499511
2026-07-01,2026,July,107.94,4.441219158200305,110.0,9.78043912175648
