date,year,month,cpi_index,inflation
2013-01-01,2013,January,55.1,
2013-02-01,2013,February,55.5,
2013-03-01,2013,March,55.6,
2013-04-01,2013,April,55.9,
2013-05-01,2013,May,56.3,
2013-06-01,2013,June,57.6,
2013-07-01,2013,July,58.5,
2013-08-01,2013,August,59.2,
2013-09-01,2013,September,59.9,
2013-10-01,2013,October,60.5,
2013-11-01,2013,November,61.3,
2013-12-01,2013,December,60.3,
2014-01-01,2014,January,59.8,8.6
2014-02-01,2014,February,59.8,7.88
2014-03-01,2014,March,60.1,8.25
2014-04-01,2014,April,60.6,8.48
2014-05-01,2014,May,61.0,8.33
2014-06-01,2014,June,61.5,6.77
2014-07-01,2014,July,62.8,7.39
2014-08-01,2014,August,63.4,7.03
2014-09-01,2014,September,63.3,5.63
2014-10-01,2014,October,63.3,4.62
2014-11-01,2014,November,63.3,3.27
2014-12-01,2014,December,62.9,4.28
2015-01-01,2015,January,62.9,5.19
2015-02-01,2015,February,63.0,5.37
2015-03-01,2015,March,63.3,5.25
2015-04-01,2015,April,63.6,4.87
2015-05-01,2015,May,64.0,5.01
2015-06-01,2015,June,64.8,5.4
2015-07-01,2015,July,65.1,3.69
2015-08-01,2015,August,65.7,3.74
2015-09-01,2015,September,66.0,4.41
2015-10-01,2015,October,66.4,5.0
2015-11-01,2015,November,66.7,5.41
2015-12-01,2015,December,66.4,5.61
2016-01-01,2016,January,66.5,5.69
2016-02-01,2016,February,66.4,5.26
2016-03-01,2016,March,66.4,4.83
2016-04-01,2016,April,67.0,5.47
2016-05-01,2016,May,67.7,5.76
2016-06-01,2016,June,68.5,5.77
2016-07-01,2016,July,69.1,6.07
2016-08-01,2016,August,69.1,5.05
2016-09-01,2016,September,68.9,4.39
2016-10-01,2016,October,69.2,4.2
2016-11-01,2016,November,69.1,3.63
2016-12-01,2016,December,68.7,3.41
2017-01-01,2017,January,68.6,3.17
2017-02-01,2017,February,68.8,3.65
2017-03-01,2017,March,68.9,3.89
2017-04-01,2017,April,69.1,2.99
2017-05-01,2017,May,69.2,2.18
2017-06-01,2017,June,69.5,1.46
2017-07-01,2017,July,70.7,2.36
2017-08-01,2017,August,71.3,3.28
2017-09-01,2017,September,71.2,3.28
2017-10-01,2017,October,71.7,3.58
2017-11-01,2017,November,72.5,4.88
2017-12-01,2017,December,72.3,5.21
2018-01-01,2018,January,72.1,5.07
2018-02-01,2018,February,71.8,4.44
2018-03-01,2018,March,71.9,4.28
2018-04-01,2018,April,72.2,4.58
2018-05-01,2018,May,72.6,4.87
2018-06-01,2018,June,72.9,4.92
2018-07-01,2018,July,73.6,4.17
2018-08-01,2018,August,73.9,3.69
2018-09-01,2018,September,73.8,3.7
2018-10-01,2018,October,74.1,3.38
2018-11-01,2018,November,74.2,2.33
2018-12-01,2018,December,73.8,2.11
2019-01-01,2019,January,73.5,1.97
2019-02-01,2019,February,73.7,2.57
2019-03-01,2019,March,73.9,2.86
2019-04-01,2019,April,74.4,2.99
2019-05-01,2019,May,74.8,3.05
2019-06-01,2019,June,75.3,3.18
2019-07-01,2019,July,76.0,3.15
2019-08-01,2019,August,76.4,3.28
2019-09-01,2019,September,76.8,3.99
2019-10-01,2019,October,77.5,4.62
2019-11-01,2019,November,78.3,5.54
2019-12-01,2019,December,79.2,7.35
2020-01-01,2020,January,79.1,7.59
2020-02-01,2020,February,78.5,6.58
2020-03-01,2020,March,78.3,5.84
2020-04-01,2020,April,79.7,7.22
2020-05-01,2020,May,79.5,6.27
2020-06-01,2020,June,80.0,6.23
2020-07-01,2020,July,81.1,6.73
2020-08-01,2020,August,81.5,6.69
2020-09-01,2020,September,82.4,7.27
2020-10-01,2020,October,83.4,7.61
2020-11-01,2020,November,83.7,6.93
2020-12-01,2020,December,82.8,4.59
2021-01-01,2021,January,82.3,4.06
2021-02-01,2021,February,82.5,5.03
2021-03-01,2021,March,82.6,5.52
2021-04-01,2021,April,83.1,4.23
2021-05-01,2021,May,84.5,6.3
2021-06-01,2021,June,85.0,6.26
2021-07-01,2021,July,85.6,5.59
2021-08-01,2021,August,85.8,5.3
2021-09-01,2021,September,86.0,4.35
2021-10-01,2021,October,87.2,4.48
2021-11-01,2021,November,87.8,4.91
2021-12-01,2021,December,87.5,5.66
2022-01-01,2022,January,87.3,6.01
2022-02-01,2022,February,87.5,6.07
2022-03-01,2022,March,88.3,6.95
2022-04-01,2022,April,89.6,7.79
2022-05-01,2022,May,90.4,7.04
2022-06-01,2022,June,90.9,7.01
2022-07-01,2022,July,91.3,6.71
2022-08-01,2022,August,91.8,7.0
2022-09-01,2022,September,92.3,7.41
2022-10-01,2022,October,93.1,6.77
2022-11-01,2022,November,93.0,5.88
2022-12-01,2022,December,92.5,5.72
2023-01-01,2023,January,93.0,6.52
2023-02-01,2023,February,93.1,6.44
2023-03-01,2023,March,93.3,5.66
2023-04-01,2023,April,93.8,4.7
2023-05-01,2023,May,94.3,4.31
2023-06-01,2023,June,95.3,4.87
2023-07-01,2023,July,98.1,7.44
2023-08-01,2023,August,98.1,6.83
2023-09-01,2023,September,97.0,5.02
2023-10-01,2023,October,97.6,4.87
2023-11-01,2023,November,98.1,5.55
2023-12-01,2023,December,97.8,5.69
2024-01-01,2024,January,97.7,5.1
2024-02-01,2024,February,97.9,5.09
2024-03-01,2024,March,97.9,4.85
2024-04-01,2024,April,98.3,4.83
2024-05-01,2024,May,98.9,4.8
2024-06-01,2024,June,100.2,5.08
2024-07-01,2024,July,101.7,3.6
2024-08-01,2024,August,101.7,3.65
2024-09-01,2024,September,102.3,5.49
2024-10-01,2024,October,103.7,6.21
2024-11-01,2024,November,103.5,5.48
2024-12-01,2024,December,102.9,5.22
2025-01-01,2025,January,101.67,4.063459570112582
2025-02-01,2025,February,101.32,3.4933605720122385
2025-03-01,2025,March,101.39,3.564862104187938
2025-04-01,2025,April,101.58,3.3367243133265445
2025-05-01,2025,May,101.9,3.0333670374115274
2025-06-01,2025,June,102.51,2.305389221556897
2025-07-01,2025,July,103.35,1.6224188790560312
2025-08-01,2025,August,103.74,2.0058997050147465
2025-09-01,2025,September,103.74,1.4076246334310927
2025-10-01,2025,October,103.74,0.038572806171632834
2025-11-01,2025,November,104.01,0.4927536231884133
2025-12-01,2025,December,104.1,1.1661807580174877
2026-01-01,2026,January,104.45,2.73433657912856
2026-02-01,2026,February,104.57,3.207658902487176
2026-03-01,2026,March,104.84,3.4027024361376945
2026-04-01,2026,April,105.12,3.484937979917313
2026-05-01,2026,May,105.91,3.9352306182531827
2026-06-01,2026,June,107.0,4.380060481904202
2026-07-01,2026,July,107.94,4.441219158200305
