date,brent_price_usd,brent_mom_change_pct,brent_yoy_change_pct
2013-01-01,113.0,,
2013-02-01,116.5,3.0973451327433565,
2013-03-01,109.2,-6.266094420600854,
2013-04-01,102.9,-5.769230769230771,
2013-05-01,103.0,0.09718172983479434,
2013-06-01,103.1,0.0970873786407811,
2013-07-01,107.7,4.461687681862281,
2013-08-01,111.0,3.064066852367686,
2013-09-01,111.6,0.540540540540535,
2013-10-01,109.5,-1.8817204301075252,
2013-11-01,108.1,-1.2785388127853903,
2013-12-01,110.7,2.405180388529149,
2014-01-01,107.4,-2.981029810298097,-4.955752212389375
2014-02-01,108.8,1.303538175046537,-6.609442060085835
2014-03-01,107.4,-1.2867647058823484,-1.6483516483516425
2014-04-01,107.8,0.3724394785847185,4.761904761904745
2014-05-01,109.7,1.7625231910946226,6.504854368932045
2014-06-01,111.9,2.0054694621695512,8.535402521823476
2014-07-01,107.0,-4.378909740840042,-0.6499535747446661
2014-08-01,101.9,-4.766355140186906,-8.198198198198192
2014-09-01,97.3,-4.514229636898925,-12.813620071684584
2014-10-01,87.3,-10.277492291880785,-20.273972602739732
2014-11-01,78.4,-10.1947308132875,-27.474560592044394
2014-12-01,62.3,-20.535714285714292,-43.72177055103885
2015-01-01,48.1,-22.79293739967897,-55.21415270018621
2015-02-01,57.9,20.374220374220364,-46.783088235294116
2015-03-01,55.8,-3.626943005181349,-48.044692737430175
2015-04-01,59.4,6.451612903225801,-44.897959183673464
2015-05-01,64.6,8.754208754208737,-41.11212397447584
2015-06-01,62.3,-3.5603715170278605,-44.32529043789097
2015-07-01,55.9,-10.27287319422151,-47.7570093457944
2015-08-01,47.0,-15.921288014311264,-53.87634936211973
2015-09-01,47.2,0.42553191489362874,-51.490236382322706
2015-10-01,48.1,1.9067796610169552,-44.90263459335624
2015-11-01,44.4,-7.692307692307699,-43.36734693877552
2015-12-01,37.7,-15.09009009009008,-39.48635634028892
2016-01-01,30.8,-18.302387267904518,-35.96673596673596
2016-02-01,33.2,7.792207792207795,-42.65975820379965
2016-03-01,39.1,17.771084337349397,-29.92831541218638
2016-04-01,42.3,8.184143222506378,-28.787878787878796
2016-05-01,47.1,11.34751773049647,-27.089783281733737
2016-06-01,48.5,2.972399150743099,-22.15088282504013
2016-07-01,45.1,-7.010309278350513,-19.32021466905187
2016-08-01,46.1,2.2172949002217335,-1.9148936170212738
2016-09-01,46.2,0.2169197396963085,-2.1186440677966045
2016-10-01,49.7,7.575757575757569,3.3264033264033266
2016-11-01,46.4,-6.639839034205242,4.504504504504503
2016-12-01,54.1,16.594827586206897,43.501326259946936
2017-01-01,54.9,1.4787430683918634,78.24675324675323
2017-02-01,55.5,1.0928961748633892,67.16867469879517
2017-03-01,52.0,-6.3063063063063085,32.992327365728904
2017-04-01,53.0,1.9230769230769162,25.295508274231683
2017-05-01,50.9,-3.9622641509433953,8.067940552016983
2017-06-01,46.9,-7.858546168958746,-3.298969072164948
2017-07-01,48.7,3.837953091684443,7.982261640798227
2017-08-01,51.4,5.544147843942504,11.49674620390455
2017-09-01,55.2,7.3929961089494345,19.480519480519476
2017-10-01,57.6,4.347826086956519,15.895372233400407
2017-11-01,62.6,8.680555555555557,34.913793103448285
2017-12-01,64.2,2.5559105431310014,18.669131238447314
2018-01-01,69.0,7.476635514018692,25.683060109289624
2018-02-01,65.4,-5.217391304347818,17.837837837837856
2018-03-01,66.5,1.6819571865443361,27.884615384615373
2018-04-01,71.6,7.6691729323308255,35.0943396226415
2018-05-01,76.7,7.12290502793298,50.687622789783894
2018-06-01,75.2,-1.9556714471968717,60.341151385927525
2018-07-01,74.4,-1.0638297872340385,52.772073921971256
2018-08-01,73.1,-1.74731182795701,42.21789883268481
2018-09-01,78.9,7.934336525307817,42.934782608695656
2018-10-01,80.5,2.027883396704677,39.75694444444444
2018-11-01,65.2,-19.00621118012422,4.153354632587858
2018-12-01,56.5,-13.34355828220859,-11.993769470404992
2019-01-01,59.3,4.955752212389375,-14.057971014492754
2019-02-01,64.1,8.09443507588532,-1.987767584097877
2019-03-01,66.4,3.588143525741039,-0.15037593984961184
2019-04-01,71.2,7.2289156626506035,-0.5586592178770777
2019-05-01,70.5,-0.98314606741573,-8.083441981747075
2019-06-01,63.3,-10.212765957446813,-15.82446808510639
2019-07-01,64.0,1.1058451816745807,-13.978494623655923
2019-08-01,59.3,-7.343750000000004,-18.878248974008205
2019-09-01,62.3,5.059021922428331,-21.03929024081116
2019-10-01,59.4,-4.65489566613162,-26.21118012422361
2019-11-01,62.7,5.555555555555558,-3.834355828220859
2019-12-01,65.9,5.10366826156301,16.63716814159293
2020-01-01,63.6,-3.490136570561464,7.251264755480613
2020-02-01,55.0,-13.52201257861635,-14.196567862714504
2020-03-01,33.0,-40.0,-50.30120481927711
2020-04-01,23.3,-29.393939393939394,-67.2752808988764
2020-05-01,31.0,33.047210300429185,-56.02836879432624
2020-06-01,39.9,28.70967741935484,-36.96682464454977
2020-07-01,42.8,7.268170426065157,-33.12500000000001
2020-08-01,44.3,3.5046728971962704,-25.29510961214165
2020-09-01,41.1,-7.223476297968389,-34.02889245585874
2020-10-01,40.5,-1.4598540145985384,-31.818181818181813
2020-11-01,43.2,6.666666666666665,-31.100478468899517
2020-12-01,49.9,15.509259259259256,-24.27921092564492
2021-01-01,54.6,9.4188376753507,-14.150943396226412
2021-02-01,62.0,13.55311355311355,12.72727272727272
2021-03-01,65.2,5.161290322580658,97.57575757575758
2021-04-01,64.8,-0.613496932515345,178.1115879828326
2021-05-01,68.0,4.938271604938271,119.35483870967741
2021-06-01,73.1,7.499999999999996,83.20802005012531
2021-07-01,74.4,1.7783857729138264,73.8317757009346
2021-08-01,70.0,-5.913978494623661,58.013544018058695
2021-09-01,74.6,6.571428571428561,81.50851581508513
2021-10-01,83.7,12.198391420911548,106.66666666666669
2021-11-01,80.8,-3.4647550776583103,87.03703703703702
2021-12-01,74.3,-8.04455445544554,48.89779559118237
2022-01-01,85.5,15.074024226110371,56.59340659340659
2022-02-01,95.8,12.046783625730995,54.516129032258064
2022-03-01,115.6,20.668058455114814,77.30061349693248
2022-04-01,105.8,-8.477508650519027,63.271604938271594
2022-05-01,112.4,6.238185255198503,65.29411764705884
2022-06-01,120.1,6.850533807829162,64.29548563611492
2022-07-01,108.9,-9.325562031640288,46.37096774193547
2022-08-01,98.6,-9.45821854912765,40.85714285714286
2022-09-01,90.2,-8.519269776876259,20.91152815013406
2022-10-01,93.1,3.2150776053214924,11.2305854241338
2022-11-01,91.1,-2.148227712137485,12.747524752475247
2022-12-01,80.9,-11.196487376509323,8.882907133243624
2023-01-01,83.1,2.7194066749072876,-2.807017543859658
2023-02-01,82.7,-0.48134777376653837,-13.674321503131514
2023-03-01,78.5,-5.078597339782354,-32.09342560553633
2023-04-01,84.1,7.133757961783438,-20.510396975425337
2023-05-01,75.7,-9.988109393579059,-32.65124555160143
2023-06-01,74.9,-1.0568031704095038,-37.63530391340548
2023-07-01,80.1,6.942590120160208,-26.44628099173555
2023-08-01,86.2,7.615480649188533,-12.576064908722106
2023-09-01,94.0,9.048723897911826,4.212860310421274
2023-10-01,91.1,-3.0851063829787306,-2.148227712137485
2023-11-01,83.2,-8.671789242590556,-8.671789242590556
2023-12-01,77.9,-6.370192307692301,-3.7082818294190356
2024-01-01,80.2,2.9525032092426073,-3.4897713598074476
2024-02-01,83.8,4.48877805486283,1.3301088270858408
2024-03-01,85.4,1.9093078758950055,8.789808917197451
2024-04-01,90.1,5.503512880562056,7.13436385255648
2024-05-01,82.0,-8.990011098779128,8.322324966974893
2024-06-01,82.6,0.7317073170731714,10.280373831775691
2024-07-01,85.3,3.2687651331719136,6.4918851435705305
2024-08-01,80.9,-5.158264947245006,-6.148491879350349
2024-09-01,74.3,-8.158220024721885,-20.95744680851064
2024-10-01,75.7,1.8842530282638048,-16.904500548847412
2024-11-01,74.4,-1.7173051519154492,-10.576923076923073
2024-12-01,73.8,-0.8064516129032362,-5.263157894736848
2025-01-01,79.2,7.317073170731714,-1.2468827930174564
2025-02-01,75.2,-5.05050505050505,-10.262529832935552
2025-03-01,72.6,-3.4574468085106447,-14.98829039812648
2025-04-01,67.7,-6.749311294765825,-24.8612652608213
2025-05-01,64.2,-5.169867060561295,-21.707317073170728
2025-06-01,71.5,11.370716510903423,-13.438256658595638
2025-07-01,71.0,-0.6993006993006978,-16.764361078546308
2025-08-01,68.2,-3.9436619718309807,-15.698393077873918
2025-09-01,68.0,-0.2932551319648091,-8.479138627187076
2025-10-01,64.7,-4.852941176470582,-14.531043593130777
2025-11-01,63.6,-1.7001545595054068,-14.516129032258075
2025-12-01,62.7,-1.4150943396226356,-15.040650406504053
2026-01-01,66.8,6.539074960127578,-15.656565656565668
2026-02-01,71.1,6.437125748502992,-5.452127659574479
2026-03-01,103.7,45.850914205344594,42.83746556473831
2026-04-01,120.4,16.10414657666346,77.84342688330872
2026-05-01,107.5,-10.71428571428572,67.44548286604362
2026-06-01,85.4,-20.55813953488371,19.440559440559447
2026-07-01,83.4,-2.3419203747072626,17.464788732394364
2026-08-01,90.9,8.992805755395672,33.284457478005855
