date,year,month,cpi_index,inflation,wpi_inflation,repo_rate,brent_price_usd,brent_mom_change_pct,brent_yoy_change_pct,usd_inr_rate,usd_inr_mom_change_pct,usd_inr_yoy_change_pct
2013-01-01,2013,January,55.1,,,7.75,113.0,,,54.229,,
2013-02-01,2013,February,55.5,,,7.75,116.5,3.0973451327433565,,53.8079,-0.7765217872356178,
2013-03-01,2013,March,55.6,,,7.5,109.2,-6.266094420600854,,54.4229,1.1429548449205518,
2013-04-01,2013,April,55.9,,3.72492836676217,7.5,102.9,-5.769230769230771,,54.3236,-0.1824599571136453,
2013-05-01,2013,May,56.3,,3.1339031339031376,7.25,103.0,0.0971817298347943,,54.9845,1.2165983108630485,
2013-06-01,2013,June,57.6,,4.55840455840455,7.25,103.1,0.0970873786407811,,58.3835,6.181742127326784,
2013-07-01,2013,July,58.5,,4.708097928436916,7.25,107.7,4.461687681862281,,59.7609,2.359228206599462,
2013-08-01,2013,August,59.2,,5.612722170252571,7.25,111.0,3.064066852367686,,62.8109,5.103671464117832,
2013-09-01,2013,September,59.9,,6.226765799256517,7.5,111.6,0.540540540540535,,63.648,1.332730465572074,
2013-10-01,2013,October,60.5,,6.703910614525133,7.75,109.5,-1.8817204301075248,,61.6059,-3.20842760180996,
2013-11-01,2013,November,61.3,,6.523765144454807,7.75,108.1,-1.2785388127853905,,62.5179,1.4803776910977673,
2013-12-01,2013,December,60.3,,5.882352941176472,7.75,110.7,2.405180388529149,,61.811,-1.1307161628909437,
2014-01-01,2014,January,59.8,8.6,5.185185185185182,8.0,107.4,-2.981029810298097,-4.955752212389375,62.1057,0.4767759783857128,14.524885209021
2014-02-01,2014,February,59.8,7.88,4.797047970479684,8.0,108.8,1.303538175046537,-6.609442060085835,62.1642,0.0941942527014516,15.529875724568342
2014-03-01,2014,March,60.1,8.25,5.248618784530379,8.0,107.4,-1.2867647058823484,-1.6483516483516425,60.9476,-1.9570749724117764,11.988887031010842
2014-04-01,2014,April,60.6,8.48,5.064456721915289,8.0,107.8,0.3724394785847185,4.761904761904745,60.3464,-0.9864211224067888,11.086894093911305
2014-05-01,2014,May,61.0,8.33,5.7090239410681365,8.0,109.7,1.7625231910946226,6.504854368932045,59.2843,-1.7600055678549165,7.820022006201754
2014-06-01,2014,June,61.5,6.77,4.632152588555871,8.0,111.9,2.0054694621695512,8.535402521823476,59.7367,0.7631025414823078,2.317778139371573
2014-07-01,2014,July,62.8,7.39,4.9460431654676285,8.0,107.0,-4.378909740840042,-0.6499535747446661,60.0956,0.6008031913379952,0.5600651931279454
2014-08-01,2014,August,63.4,7.03,3.80868024800709,8.0,101.9,-4.766355140186906,-8.198198198198192,60.8738,1.2949367341369422,-3.084018856599724
2014-09-01,2014,September,63.3,5.63,1.8372703412073528,8.0,97.3,-4.514229636898925,-12.813620071684584,60.8976,0.0390972799463762,-4.321266968325799
2014-10-01,2014,October,63.3,4.62,0.8726003490401313,8.0,87.3,-10.277492291880783,-20.27397260273973,61.3668,0.7704737132497863,-0.3881121775674123
2014-11-01,2014,November,63.3,3.27,-0.1749781277340378,8.0,78.4,-10.1947308132875,-27.474560592044394,61.6828,0.5149364151300073,-1.3357774333430883
2014-12-01,2014,December,62.9,4.28,-1.146384479717821,8.0,62.3,-20.53571428571429,-43.72177055103885,62.7071,1.6605925801033594,1.4497419553153978
2015-01-01,2015,January,62.9,5.19,-2.464788732394363,7.75,48.1,-22.79293739967897,-55.21415270018621,62.13,-0.9203104592621748,0.0391268434298375
2015-02-01,2015,February,63.0,5.37,-3.521126760563376,7.75,57.9,20.374220374220364,-46.78308823529412,61.9905,-0.2245292129406162,-0.279421274624303
2015-03-01,2015,March,63.3,5.25,-3.849518810148722,7.5,55.8,-3.626943005181349,-48.044692737430175,62.4805,0.7904436970180839,2.5151113415458504
2015-04-01,2015,April,63.6,4.87,-3.4180543382997253,7.5,59.4,6.451612903225801,-44.89795918367346,62.6414,0.2575203463480502,3.803043760688274
2015-05-01,2015,May,64.0,5.01,-2.9616724738675937,7.5,64.6,8.754208754208737,-41.11212397447584,63.715,1.71388251220439,7.473648166546631
2015-06-01,2015,June,64.8,5.4,-2.951388888888895,7.25,62.3,-3.5603715170278605,-44.32529043789097,63.7809,0.1034293337518699,6.770042536665066
2015-07-01,2015,July,65.1,3.69,-4.798628963153395,7.25,55.9,-10.27287319422151,-47.7570093457944,63.6045,-0.2765718263618155,5.8388634109652005
2015-08-01,2015,August,65.7,3.74,-6.1433447098976135,7.25,47.0,-15.921288014311264,-53.87634936211973,65.0971,2.346689306574224,6.93779589905672
2015-09-01,2015,September,66.0,4.41,-5.584192439862545,6.75,47.2,0.4255319148936287,-51.49023638232271,66.1667,1.643083946903956,8.65239352618168
2015-10-01,2015,October,66.4,5.0,-4.757785467128029,6.75,48.1,1.9067796610169552,-44.90263459335624,65.0262,-1.7236767135130004,5.96315923267956
2015-11-01,2015,November,66.7,5.41,-3.6809815950920144,6.75,44.4,-7.692307692307699,-43.36734693877552,66.1,1.6513343852170292,7.161153514431895
2015-12-01,2015,December,66.4,5.61,-2.408563782337192,6.75,37.7,-15.09009009009008,-39.48635634028892,66.5023,0.6086232980333062,6.05226521398694
2016-01-01,2016,January,66.5,5.69,-2.527075812274371,6.75,30.8,-18.30238726790452,-35.96673596673596,67.3332,1.2494304708258186,8.374698213423471
2016-02-01,2016,February,66.4,5.26,-2.2810218978102204,6.75,33.2,7.792207792207795,-42.65975820379965,68.2395,1.3459927643421077,10.08057686258379
2016-03-01,2016,March,66.4,4.83,-2.0018198362147466,6.75,39.1,17.771084337349397,-29.92831541218638,66.8909,-1.9762747382381265,7.058842358815953
2016-04-01,2016,April,67.0,5.47,-1.0889292196007316,6.5,42.3,8.184143222506378,-28.7878787878788,66.4219,-0.701141709858899,6.035146085496157
2016-05-01,2016,May,67.7,5.76,-0.8976660682226245,6.5,47.1,11.34751773049647,-27.089783281733737,66.8895,0.7039846797517235,4.982343247273002
2016-06-01,2016,June,68.5,5.77,-0.0894454382826426,6.5,48.5,2.972399150743099,-22.15088282504013,67.2655,0.5621211101892065,5.46339107789322
2016-07-01,2016,July,69.1,6.07,0.6300630063006407,6.5,45.1,-7.010309278350513,-19.32021466905187,67.158,-0.1598144665541756,5.586868853618854
2016-08-01,2016,August,69.1,5.05,1.090909090909098,6.5,46.1,2.217294900221733,-1.9148936170212736,66.9035,-0.3789570862741676,2.774931602175812
2016-09-01,2016,September,68.9,4.39,1.364877161055511,6.5,46.2,0.2169197396963085,-2.1186440677966045,66.7138,-0.2835427145067015,0.826850968840831
2016-10-01,2016,October,69.2,4.2,1.2715712988192518,6.25,49.7,7.575757575757569,3.3264033264033266,66.7415,0.0415206449040361,2.6378598165047284
2016-11-01,2016,November,69.1,3.63,1.8198362147406664,6.25,46.4,-6.639839034205242,4.504504504504503,67.6395,1.3454896878254186,2.3290468986384427
2016-12-01,2016,December,68.7,3.41,2.10237659963437,6.25,54.1,16.594827586206897,43.501326259946936,67.8052,0.2449751994027194,1.9591803591755277
2017-01-01,2017,January,68.6,3.17,4.259259259259252,6.25,54.9,1.4787430683918634,78.24675324675323,68.0474,0.3571997427925799,1.060695169693382
2017-02-01,2017,February,68.8,3.65,5.50887021475257,6.25,55.5,1.0928961748633892,67.16867469879517,66.9726,-1.5794872397769777,-1.856549359242088
2017-03-01,2017,March,68.9,3.89,5.106778087279484,6.25,52.0,-6.3063063063063085,32.992327365728904,65.8009,-1.7495214460839237,-1.6295191124652275
2017-04-01,2017,April,69.1,2.99,3.8532110091743066,6.25,53.0,1.923076923076916,25.295508274231683,64.536,-1.9223141324814617,-2.839274395944702
2017-05-01,2017,May,69.2,2.18,2.264492753623193,6.25,50.9,-3.9622641509433953,8.067940552016983,64.4195,-0.1805194000247922,-3.692657292998147
2017-06-01,2017,June,69.5,1.46,0.8952551477170889,6.25,46.9,-7.858546168958746,-3.298969072164948,64.4482,0.0445517273496287,-4.188328340679847
2017-07-01,2017,July,70.7,2.36,1.878354203935606,6.25,48.7,3.837953091684443,7.982261640798227,64.424,-0.0375495359063449,-4.0709967539235725
2017-08-01,2017,August,71.3,3.28,3.237410071942448,6.0,51.4,5.544147843942504,11.49674620390455,63.9683,-0.7073450887868038,-4.387214420770203
2017-09-01,2017,September,71.2,3.28,3.14183123877918,6.0,55.2,7.392996108949434,19.48051948051948,64.4775,0.7960192782987985,-3.352080079383879
2017-10-01,2017,October,71.7,3.58,3.677130044843047,6.0,57.6,4.347826086956519,15.895372233400408,65.0357,0.8657283548524575,-2.5558310796131245
2017-11-01,2017,November,72.5,4.88,4.021447721179627,6.0,62.6,8.680555555555557,34.913793103448285,64.8435,-0.2955299935266331,-4.133679285033143
2017-12-01,2017,December,72.3,5.21,3.5810205908684,6.0,64.2,2.5559105431310014,18.669131238447317,64.2445,-0.923762597638933,-5.25136715178186
2018-01-01,2018,January,72.1,5.07,3.0195381882770933,6.0,69.0,7.476635514018692,25.683060109289624,63.6452,-0.9328425001361996,-6.4693140369801005
2018-02-01,2018,February,71.8,4.44,2.743362831858409,6.0,65.4,-5.217391304347818,17.837837837837856,64.43,1.2330859200693878,-3.796477962629485
2018-03-01,2018,March,71.9,4.28,2.738515901060068,6.0,66.5,1.681957186544336,27.884615384615373,65.0455,0.9553003259351156,-1.1480086138639378
2018-04-01,2018,April,72.2,4.58,3.621908127208484,6.0,71.6,7.6691729323308255,35.0943396226415,65.6729,0.9645555803245331,1.7616524110573906
2018-05-01,2018,May,72.6,4.87,4.782993799822854,6.0,76.7,7.12290502793298,50.68762278978389,67.51,2.7973486780696444,4.797460396308573
2018-06-01,2018,June,72.9,4.92,5.67879325643299,6.25,75.2,-1.955671447196872,60.341151385927525,67.79,0.4147533698711347,5.185249549250415
2018-07-01,2018,July,73.6,4.17,5.267778753292363,6.25,74.4,-1.0638297872340383,52.772073921971256,68.6867,1.3227614692432388,6.616633552713269
2018-08-01,2018,August,73.9,3.69,4.616724738675959,6.5,73.1,-1.74731182795701,42.21789883268481,69.6317,1.3758122023623145,8.85344772332546
2018-09-01,2018,September,73.8,3.7,5.22193211488251,6.5,78.9,7.934336525307817,42.934782608695656,72.2779,3.800280619315632,12.097863595827985
2018-10-01,2018,October,74.1,3.38,5.536332179930792,6.5,80.5,2.027883396704677,39.75694444444444,73.5609,1.775093078243839,13.108492720152151
2018-11-01,2018,November,74.2,2.33,4.4673539518900185,6.5,65.2,-19.00621118012422,4.153354632587858,71.738,-2.4780827858278065,10.632522920570286
2018-12-01,2018,December,73.8,2.11,3.457216940363006,6.5,56.5,-13.34355828220859,-11.993769470404992,70.8331,-1.261395634113016,10.255508253624823
2019-01-01,2019,January,73.5,1.97,2.758620689655178,6.5,59.3,4.955752212389375,-14.057971014492754,70.71,-0.1737888077749105,11.100287217260686
2019-02-01,2019,February,73.7,2.57,2.9285099052541064,6.25,64.1,8.09443507588532,-1.987767584097877,71.1739,0.6560599632301045,10.467018469656985
2019-03-01,2019,March,73.9,2.86,3.095442820292349,6.25,66.4,3.588143525741039,-0.1503759398496118,69.4895,-2.3665978680387,6.832140578518109
2019-04-01,2019,April,74.4,2.99,3.239556692242118,6.0,71.2,7.2289156626506035,-0.5586592178770777,69.4068,-0.119010785802176,5.685602432662495
2019-05-01,2019,May,74.8,3.05,2.789518174133554,6.0,70.5,-0.98314606741573,-8.083441981747075,69.7827,0.5415895848821739,3.366464227521848
2019-06-01,2019,June,75.3,3.18,2.015113350125941,5.75,63.3,-10.212765957446813,-15.82446808510639,69.388,-0.5656129671107624,2.3572798347838875
2019-07-01,2019,July,76.0,3.15,1.1676396997497784,5.75,64.0,1.105845181674581,-13.978494623655925,68.7391,-0.9351761111431544,0.0762884226495064
2019-08-01,2019,August,76.4,3.28,1.1656952539550458,5.4,59.3,-7.343750000000004,-18.878248974008205,71.1891,3.5642014515756104,2.2366249854592013
2019-09-01,2019,September,76.8,3.99,0.3308519437551727,5.4,62.3,5.059021922428331,-21.03929024081116,71.311,0.1712340793745159,-1.3377533104863226
2019-10-01,2019,October,77.5,4.62,0.0,5.15,59.4,-4.65489566613162,-26.21118012422361,71.0086,-0.4240579994671312,-3.469642160441211
2019-11-01,2019,November,78.3,5.54,0.5756578947368363,5.15,62.7,5.555555555555558,-3.834355828220859,71.4942,0.6838608281250602,-0.3398477794195442
2019-12-01,2019,December,79.2,7.35,2.7568922305764465,5.15,65.9,5.10366826156301,16.63716814159293,71.1567,-0.4720662655152474,0.456848563736445
2020-01-01,2020,January,79.1,7.59,3.523489932885915,5.15,63.6,-3.490136570561464,7.251264755480613,71.279,0.1718741875325724,0.8046952340545976
2020-02-01,2020,February,78.5,6.58,2.259414225941425,5.15,55.0,-13.52201257861635,-14.196567862714504,71.5295,0.3514359067888106,0.4996213499611546
2020-03-01,2020,March,78.3,5.84,0.417014178482078,4.4,33.0,-40.0,-50.30120481927711,74.5482,4.220216833614088,7.279804862605133
2020-04-01,2020,April,79.7,7.22,-1.5689512799339278,4.4,23.3,-29.393939393939394,-67.2752808988764,76.1682,2.173090698366975,9.741696778989953
2020-05-01,2020,May,79.5,6.27,-3.3717105263157854,4.0,31.0,33.047210300429185,-56.02836879432624,75.6575,-0.670489784450734,8.418705495774725
2020-06-01,2020,June,80.0,6.23,-1.810699588477372,4.0,39.9,28.70967741935484,-36.96682464454977,75.7077,0.0663516505303496,9.107770796103075
2020-07-01,2020,July,81.1,6.73,-0.2473206924979321,4.0,42.8,7.268170426065157,-33.12500000000001,74.9286,-1.0290895113707066,9.004336687562109
2020-08-01,2020,August,81.5,6.69,0.4115226337448652,4.0,44.3,3.5046728971962704,-25.29510961214165,74.5657,-0.484327746681501,4.743141857391109
2020-09-01,2020,September,82.4,7.27,1.3190436933223415,4.0,41.1,-7.223476297968389,-34.02889245585874,73.5233,-1.3979617974484215,3.1023264293026376
2020-10-01,2020,October,83.4,7.61,1.3114754098360717,4.0,40.5,-1.4598540145985384,-31.818181818181813,73.5648,0.0564446916827776,3.5998456524984457
2020-11-01,2020,November,83.7,6.93,2.289452166802941,4.0,43.2,6.666666666666665,-31.10047846889952,74.2311,0.9057320892600806,3.828142702484949
2020-12-01,2020,December,82.8,4.59,1.951219512195124,4.0,49.9,15.509259259259256,-24.27921092564492,73.6195,-0.8239134271215143,3.4610936145155646
2021-01-01,2021,January,82.3,4.06,2.5121555915721183,4.0,54.6,9.4188376753507,-14.150943396226412,73.1106,-0.6912570718355826,2.5696207859257303
2021-02-01,2021,February,82.5,5.03,4.828150572831413,4.0,62.0,13.55311355311355,12.72727272727272,72.8053,-0.4175865059239059,1.7835997735200282
2021-03-01,2021,March,82.6,5.52,7.890365448504988,4.0,65.2,5.161290322580658,97.57575757575758,72.8196,0.019641427203787,-2.3187682599982278
2021-04-01,2021,April,83.1,4.23,10.738255033557053,4.0,64.8,-0.613496932515345,178.1115879828326,74.5186,2.333163049508657,-2.165733206246168
2021-05-01,2021,May,84.5,6.3,13.10638297872342,4.0,68.0,4.938271604938271,119.3548387096774,73.2065,-1.7607684524400646,-3.239599510953961
2021-06-01,2021,June,85.0,6.26,12.070410729253966,4.0,73.1,7.499999999999996,83.20802005012531,73.5782,0.5077417988839761,-2.812791829628969
2021-07-01,2021,July,85.6,5.59,11.570247933884303,4.0,74.4,1.7783857729138264,73.8317757009346,74.539,1.3058215612776758,-0.5199616701766718
2021-08-01,2021,August,85.8,5.3,11.63934426229507,4.0,70.0,-5.913978494623661,58.013544018058695,74.1155,-0.568158950348141,-0.6037628561121444
2021-09-01,2021,September,86.0,4.35,11.79820992676972,4.0,74.6,6.571428571428561,81.50851581508513,73.6357,-0.6473679594686588,0.1528767071118819
2021-10-01,2021,October,87.2,4.48,13.834951456310684,4.0,83.7,12.198391420911548,106.66666666666669,74.92,1.74412682978502,1.84218539301404
2021-11-01,2021,November,87.8,4.91,14.868105515587526,4.0,80.8,-3.4647550776583103,87.03703703703702,74.477,-0.5912973838761326,0.3312627726114847
2021-12-01,2021,December,87.5,5.66,14.274322169059015,4.0,74.3,-8.04455445544554,48.89779559118237,75.3948,1.2323267585966136,2.411453487187498
2022-01-01,2022,January,87.3,6.01,13.675889328063253,4.0,85.5,15.074024226110373,56.59340659340659,74.4075,-1.3095067564341425,1.7738877809784004
2022-02-01,2022,February,87.5,6.07,13.42701014832164,4.0,95.8,12.046783625730995,54.516129032258064,74.9695,0.7553002049524471,2.9725857870237293
2022-03-01,2022,March,88.3,6.95,14.626635873749038,4.0,115.6,20.668058455114814,77.30061349693248,76.1896,1.627461834479349,4.627874912798213
2022-04-01,2022,April,89.6,7.79,15.37878787878788,4.0,105.8,-8.477508650519027,63.2716049382716,76.1719,-0.0232315171624586,2.218640715203968
2022-05-01,2022,May,90.4,7.04,16.62904439428141,4.4,112.4,6.238185255198503,65.29411764705884,77.2933,1.472196439894513,5.582564389774136
2022-06-01,2022,June,90.9,7.01,16.23036649214662,4.9,120.1,6.850533807829162,64.29548563611492,78.09,1.0307491076199329,6.131979309088842
2022-07-01,2022,July,91.3,6.71,14.074074074074083,4.9,108.9,-9.325562031640288,46.37096774193547,79.5915,1.9227814060699175,6.77833080669179
2022-08-01,2022,August,91.8,7.0,12.481644640234958,5.4,98.6,-9.45821854912765,40.85714285714286,79.5065,-0.1067953236212337,7.27378213733969
2022-09-01,2022,September,92.3,7.41,10.55312954876273,5.9,90.2,-8.519269776876259,20.91152815013406,80.2538,0.9399231509373384,8.987624209452761
2022-10-01,2022,October,93.1,6.77,8.67093105899077,5.9,93.1,3.2150776053214924,11.2305854241338,82.2915,2.53906980105616,9.839161772557391
2022-11-01,2022,November,93.0,5.88,6.123869171885876,5.9,91.1,-2.148227712137485,12.747524752475249,81.6805,-0.7424825164202953,9.672113538407825
2022-12-01,2022,December,92.5,5.72,5.024424284717366,6.25,80.9,-11.196487376509324,8.882907133243624,82.4738,0.971223241777408,9.389241698366458
2023-01-01,2023,January,93.0,6.52,4.798331015299007,6.25,83.1,2.719406674907288,-2.807017543859658,81.741,-0.8885245981147927,9.855861304304003
2023-02-01,2023,February,93.1,6.44,3.854094975911893,6.5,82.7,-0.4813477737665383,-13.674321503131514,82.5995,1.0502685310921134,10.177472172016632
2023-03-01,2023,March,93.3,5.66,1.410342511752849,6.5,78.5,-5.078597339782354,-32.09342560553633,82.2665,-0.4031501401340343,7.976022974264207
2023-04-01,2023,April,93.8,4.7,-0.7879185817465606,6.5,84.1,7.133757961783438,-20.510396975425337,81.9685,-0.362237362717499,7.609892887009528
2023-05-01,2023,May,94.3,4.31,-3.612903225806452,6.5,75.7,-9.98810939357906,-32.65124555160143,82.2977,0.4016176946021854,6.474558596928848
2023-06-01,2023,June,95.3,4.87,-4.182754182754178,6.5,74.9,-1.0568031704095038,-37.63530391340548,82.2252,-0.0880948070237752,5.295428351901643
2023-07-01,2023,July,98.1,7.44,-1.2337662337662425,6.5,80.1,6.942590120160208,-26.44628099173555,82.1565,-0.0835510281519624,3.222705942217452
2023-08-01,2023,August,98.1,6.83,-0.4569190600522077,6.5,86.2,7.615480649188533,-12.576064908722106,82.8122,0.7981109224468153,4.157773263821207
2023-09-01,2023,September,97.0,5.02,-0.0658327847267936,6.5,94.0,9.048723897911826,4.212860310421274,83.07,0.3113067881302278,3.509117325285516
2023-10-01,2023,October,97.6,4.87,-0.2616088947024253,6.5,91.1,-3.08510638297873,-2.148227712137485,83.2162,0.175996147827151,1.1236883517738772
2023-11-01,2023,November,98.1,5.55,0.3934426229508236,6.5,83.2,-8.671789242590556,-8.671789242590556,83.266,0.059844116890706,1.941099772895627
2023-12-01,2023,December,97.8,5.69,0.8637873754152814,6.5,77.9,-6.370192307692301,-3.708281829419036,83.254,-0.0144116446088471,0.9459973955365352
2024-01-01,2024,January,97.7,5.1,0.3317850033178526,6.5,80.2,2.952503209242608,-3.489771359807448,83.1119,-0.1706824897302228,1.6771265338080044
2024-02-01,2024,February,97.9,5.09,0.1988071570576455,6.5,83.8,4.48877805486283,1.3301088270858408,82.9485,-0.1966024119289922,0.4225207174377354
2024-03-01,2024,March,97.9,4.85,0.2649006622516658,6.5,85.4,1.9093078758950053,8.789808917197451,83.0214,0.0878858568871043,0.917627466830373
2024-04-01,2024,April,98.3,4.83,0.9090909090909038,6.5,90.1,5.503512880562056,7.13436385255648,83.3968,0.4521725723729108,1.7424986427712952
2024-05-01,2024,May,98.9,4.8,1.8255578093306468,6.5,82.0,-8.990011098779128,8.322324966974893,83.3873,-0.0113913243673602,1.3239738170082394
2024-06-01,2024,June,100.2,5.08,2.4415055951169995,6.5,82.6,0.7317073170731714,10.280373831775693,83.46,0.0871835399395282,1.501729396827245
2024-07-01,2024,July,101.7,3.6,1.9172552976791213,6.5,85.3,3.2687651331719136,6.4918851435705305,83.5895,0.1551641504912604,1.7442320449386317
2024-08-01,2024,August,101.7,3.65,1.306532663316573,6.5,80.9,-5.158264947245006,-6.148491879350349,83.8855,0.3541114613677454,1.296065072537611
2024-09-01,2024,September,102.3,5.49,1.6064257028112428,6.5,74.3,-8.158220024721885,-20.95744680851064,83.791,-0.1126535575278198,0.8679426989286254
2024-10-01,2024,October,103.7,6.21,1.998001998001997,6.5,75.7,1.8842530282638048,-16.904500548847412,84.005,0.255397357711451,0.9478923574976816
2024-11-01,2024,November,103.5,5.48,1.998001998001997,6.5,74.4,-1.7173051519154492,-10.576923076923071,84.3326,0.3899767870960025,1.2809550116493984
2024-12-01,2024,December,102.9,5.22,2.213279678068392,6.5,73.8,-0.8064516129032362,-5.263157894736848,84.9686,0.7541567555132911,2.059480625555521
2025-01-01,2025,January,101.67,4.063459570112582,1.812688821752273,6.5,79.2,7.317073170731714,-1.2468827930174564,86.2652,1.5259754780001078,3.794041527145908
2025-02-01,2025,February,101.32,3.4933605720122385,1.6112789526686822,6.25,75.2,-5.05050505050505,-10.262529832935552,87.0637,0.925633975229867,4.961150593440511
2025-03-01,2025,March,101.39,3.564862104187938,1.2072434607645732,6.25,72.6,-3.4574468085106447,-14.98829039812648,86.5214,-0.6228772726176279,4.2157805096035394
2025-04-01,2025,April,101.58,3.3367243133265445,0.6006006006005871,6.0,67.7,-6.749311294765825,-24.8612652608213,85.5768,-1.091753022951536,2.614009170615672
2025-05-01,2025,May,101.9,3.033367037411528,-0.1992031872509958,6.0,64.2,-5.169867060561295,-21.707317073170728,85.2462,-0.3863196567293947,2.229236346541996
2025-06-01,2025,June,102.51,2.305389221556897,-0.3972194637537285,5.5,71.5,11.370716510903424,-13.438256658595638,85.8765,0.7393877967580842,2.8953989935298408
2025-07-01,2025,July,103.35,1.6224188790560312,-0.7920792079207928,5.5,71.0,-0.6993006993006978,-16.764361078546308,86.1714,0.3434001152818444,3.0887850746804446
2025-08-01,2025,August,103.74,2.0058997050147465,0.0,5.5,68.2,-3.9436619718309807,-15.698393077873918,87.5695,1.6224640658037304,4.391700591878234
2025-09-01,2025,September,103.74,1.407624633431093,-0.1976284584980225,5.5,68.0,-0.2932551319648091,-8.479138627187076,88.3214,0.8586322863554097,5.406785931663305
2025-10-01,2025,October,103.74,0.0385728061716328,-1.175318315377072,5.5,64.7,-4.852941176470582,-14.531043593130777,88.3691,0.0540072960800053,5.1950479138146655
2025-11-01,2025,November,104.01,0.4927536231884133,-0.5876591576885359,5.5,63.6,-1.7001545595054068,-14.516129032258076,88.8444,0.5378576900749055,5.350006996108259
2025-12-01,2025,December,104.1,1.1661807580174877,0.2952755905512028,5.25,62.7,-1.4150943396226356,-15.040650406504051,90.035,1.3400957179068085,5.962673269890284
2026-01-01,2026,January,104.45,2.73433657912856,1.186943620178038,5.25,66.8,6.539074960127578,-15.656565656565668,90.9025,0.9635141889265286,5.375632352327497
2026-02-01,2026,February,104.57,3.207658902487176,2.18037661050543,5.25,71.1,6.437125748502992,-5.452127659574479,90.7458,-0.1723824977310828,4.2292022967092
2026-03-01,2026,March,104.84,3.4027024361376945,3.976143141153088,5.25,103.7,45.850914205344594,42.83746556473831,92.8182,2.283742057483651,7.277737068517154
2026-04-01,2026,April,105.12,3.484937979917313,8.358208955223878,5.25,120.4,16.10414657666346,77.84342688330872,93.4805,0.7135454038109001,9.235797552607703
2026-05-01,2026,May,105.91,3.935230618253183,9.880239520958067,5.25,107.5,-10.71428571428572,67.44548286604362,95.5335,2.196179951968591,12.067751993637255
2026-06-01,2026,June,107.0,4.380060481904202,9.870388833499511,5.25,85.4,-20.55813953488371,19.440559440559447,94.96,-0.6003129792167217,10.577398939174287
2026-07-01,2026,July,107.94,4.441219158200305,9.78043912175648,5.25,83.4,-2.3419203747072626,17.464788732394364,95.8573,0.944924178601525,11.240272294519984
