date,year,month,cpi_index,inflation,wpi_index,wpi_inflation,repo_rate
2013-01-01,2013,January,55.1,,,,7.75
2013-02-01,2013,February,55.5,,,,7.75
2013-03-01,2013,March,55.6,,,,7.5
2013-04-01,2013,April,55.9,,,3.72492836676217,7.5
2013-05-01,2013,May,56.3,,,3.1339031339031376,7.25
2013-06-01,2013,June,57.6,,,4.55840455840455,7.25
2013-07-01,2013,July,58.5,,,4.708097928436916,7.25
2013-08-01,2013,August,59.2,,,5.612722170252571,7.25
2013-09-01,2013,September,59.9,,,6.226765799256517,7.5
2013-10-01,2013,October,60.5,,,6.703910614525133,7.75
2013-11-01,2013,November,61.3,,,6.523765144454807,7.75
2013-12-01,2013,December,60.3,,,5.882352941176472,7.75
2014-01-01,2014,January,59.8,8.6,,5.185185185185182,8.0
2014-02-01,2014,February,59.8,7.88,,4.797047970479684,8.0
2014-03-01,2014,March,60.1,8.25,,5.248618784530379,8.0
2014-04-01,2014,April,60.6,8.48,,5.064456721915289,8.0
2014-05-01,2014,May,61.0,8.33,,5.7090239410681365,8.0
2014-06-01,2014,June,61.5,6.77,,4.632152588555871,8.0
2014-07-01,2014,July,62.8,7.39,,4.9460431654676285,8.0
2014-08-01,2014,August,63.4,7.03,,3.80868024800709,8.0
2014-09-01,2014,September,63.3,5.63,,1.8372703412073528,8.0
2014-10-01,2014,October,63.3,4.62,,0.8726003490401313,8.0
2014-11-01,2014,November,63.3,3.27,,-0.1749781277340378,8.0
2014-12-01,2014,December,62.9,4.28,,-1.146384479717821,8.0
2015-01-01,2015,January,62.9,5.19,,-2.464788732394363,7.75
2015-02-01,2015,February,63.0,5.37,,-3.521126760563376,7.75
2015-03-01,2015,March,63.3,5.25,,-3.849518810148722,7.5
2015-04-01,2015,April,63.6,4.87,,-3.4180543382997253,7.5
2015-05-01,2015,May,64.0,5.01,,-2.9616724738675937,7.5
2015-06-01,2015,June,64.8,5.4,,-2.951388888888895,7.25
2015-07-01,2015,July,65.1,3.69,,-4.798628963153395,7.25
2015-08-01,2015,August,65.7,3.74,,-6.1433447098976135,7.25
2015-09-01,2015,September,66.0,4.41,,-5.584192439862545,6.75
2015-10-01,2015,October,66.4,5.0,,-4.757785467128029,6.75
2015-11-01,2015,November,66.7,5.41,,-3.6809815950920144,6.75
2015-12-01,2015,December,66.4,5.61,,-2.408563782337192,6.75
2016-01-01,2016,January,66.5,5.69,,-2.527075812274371,6.75
2016-02-01,2016,February,66.4,5.26,,-2.2810218978102204,6.75
2016-03-01,2016,March,66.4,4.83,,-2.0018198362147466,6.75
2016-04-01,2016,April,67.0,5.47,,-1.0889292196007316,6.5
2016-05-01,2016,May,67.7,5.76,,-0.8976660682226245,6.5
2016-06-01,2016,June,68.5,5.77,,-0.0894454382826426,6.5
2016-07-01,2016,July,69.1,6.07,,0.6300630063006407,6.5
2016-08-01,2016,August,69.1,5.05,,1.090909090909098,6.5
2016-09-01,2016,September,68.9,4.39,,1.364877161055511,6.5
2016-10-01,2016,October,69.2,4.2,,1.2715712988192518,6.25
2016-11-01,2016,November,69.1,3.63,,1.8198362147406664,6.25
2016-12-01,2016,December,68.7,3.41,,2.10237659963437,6.25
2017-01-01,2017,January,68.6,3.17,,4.259259259259252,6.25
2017-02-01,2017,February,68.8,3.65,,5.50887021475257,6.25
2017-03-01,2017,March,68.9,3.89,,5.106778087279484,6.25
2017-04-01,2017,April,69.1,2.99,,3.8532110091743066,6.25
2017-05-01,2017,May,69.2,2.18,,2.264492753623193,6.25
2017-06-01,2017,June,69.5,1.46,,0.8952551477170889,6.25
2017-07-01,2017,July,70.7,2.36,,1.878354203935606,6.25
2017-08-01,2017,August,71.3,3.28,,3.237410071942448,6.0
2017-09-01,2017,September,71.2,3.28,,3.14183123877918,6.0
2017-10-01,2017,October,71.7,3.58,,3.677130044843047,6.0
2017-11-01,2017,November,72.5,4.88,,4.021447721179627,6.0
2017-12-01,2017,December,72.3,5.21,,3.5810205908684,6.0
2018-01-01,2018,January,72.1,5.07,,3.0195381882770933,6.0
2018-02-01,2018,February,71.8,4.44,,2.743362831858409,6.0
2018-03-01,2018,March,71.9,4.28,,2.738515901060068,6.0
2018-04-01,2018,April,72.2,4.58,,3.621908127208484,6.0
2018-05-01,2018,May,72.6,4.87,,4.782993799822854,6.0
2018-06-01,2018,June,72.9,4.92,,5.67879325643299,6.25
2018-07-01,2018,July,73.6,4.17,,5.267778753292363,6.25
2018-08-01,2018,August,73.9,3.69,,4.616724738675959,6.5
2018-09-01,2018,September,73.8,3.7,,5.22193211488251,6.5
2018-10-01,2018,October,74.1,3.38,,5.536332179930792,6.5
2018-11-01,2018,November,74.2,2.33,,4.4673539518900185,6.5
2018-12-01,2018,December,73.8,2.11,,3.457216940363006,6.5
2019-01-01,2019,January,73.5,1.97,,2.758620689655178,6.5
2019-02-01,2019,February,73.7,2.57,,2.9285099052541064,6.25
2019-03-01,2019,March,73.9,2.86,,3.095442820292349,6.25
2019-04-01,2019,April,74.4,2.99,,3.239556692242118,6.0
2019-05-01,2019,May,74.8,3.05,,2.789518174133554,6.0
2019-06-01,2019,June,75.3,3.18,,2.015113350125941,5.75
2019-07-01,2019,July,76.0,3.15,,1.1676396997497784,5.75
2019-08-01,2019,August,76.4,3.28,,1.1656952539550458,5.4
2019-09-01,2019,September,76.8,3.99,,0.3308519437551727,5.4
2019-10-01,2019,October,77.5,4.62,,0.0,5.15
2019-11-01,2019,November,78.3,5.54,,0.5756578947368363,5.15
2019-12-01,2019,December,79.2,7.35,,2.7568922305764465,5.15
2020-01-01,2020,January,79.1,7.59,,3.523489932885915,5.15
2020-02-01,2020,February,78.5,6.58,,2.259414225941425,5.15
2020-03-01,2020,March,78.3,5.84,,0.417014178482078,4.4
2020-04-01,2020,April,79.7,7.22,,-1.5689512799339278,4.4
2020-05-01,2020,May,79.5,6.27,,-3.3717105263157854,4.0
2020-06-01,2020,June,80.0,6.23,,-1.810699588477372,4.0
2020-07-01,2020,July,81.1,6.73,,-0.2473206924979321,4.0
2020-08-01,2020,August,81.5,6.69,,0.4115226337448652,4.0
2020-09-01,2020,September,82.4,7.27,,1.3190436933223415,4.0
2020-10-01,2020,October,83.4,7.61,,1.3114754098360717,4.0
2020-11-01,2020,November,83.7,6.93,,2.289452166802941,4.0
2020-12-01,2020,December,82.8,4.59,,1.951219512195124,4.0
2021-01-01,2021,January,82.3,4.06,,2.5121555915721183,4.0
2021-02-01,2021,February,82.5,5.03,,4.828150572831413,4.0
2021-03-01,2021,March,82.6,5.52,,7.890365448504988,4.0
2021-04-01,2021,April,83.1,4.23,,10.738255033557053,4.0
2021-05-01,2021,May,84.5,6.3,,13.10638297872342,4.0
2021-06-01,2021,June,85.0,6.26,,12.070410729253966,4.0
2021-07-01,2021,July,85.6,5.59,,11.570247933884303,4.0
2021-08-01,2021,August,85.8,5.3,,11.63934426229507,4.0
2021-09-01,2021,September,86.0,4.35,,11.79820992676972,4.0
2021-10-01,2021,October,87.2,4.48,,13.834951456310684,4.0
2021-11-01,2021,November,87.8,4.91,,14.868105515587526,4.0
2021-12-01,2021,December,87.5,5.66,,14.274322169059015,4.0
2022-01-01,2022,January,87.3,6.01,,13.675889328063253,4.0
2022-02-01,2022,February,87.5,6.07,,13.42701014832164,4.0
2022-03-01,2022,March,88.3,6.95,,14.626635873749038,4.0
2022-04-01,2022,April,89.6,7.79,,15.37878787878788,4.0
2022-05-01,2022,May,90.4,7.04,,16.62904439428141,4.4
2022-06-01,2022,June,90.9,7.01,,16.23036649214662,4.9
2022-07-01,2022,July,91.3,6.71,,14.074074074074083,4.9
2022-08-01,2022,August,91.8,7.0,,12.481644640234958,5.4
2022-09-01,2022,September,92.3,7.41,,10.55312954876273,5.9
2022-10-01,2022,October,93.1,6.77,,8.67093105899077,5.9
2022-11-01,2022,November,93.0,5.88,,6.123869171885876,5.9
2022-12-01,2022,December,92.5,5.72,,5.024424284717366,6.25
2023-01-01,2023,January,93.0,6.52,,4.798331015299007,6.25
2023-02-01,2023,February,93.1,6.44,,3.854094975911893,6.5
2023-03-01,2023,March,93.3,5.66,,1.410342511752849,6.5
2023-04-01,2023,April,93.8,4.7,99.0,,6.5
2023-05-01,2023,May,94.3,4.31,98.6,,6.5
2023-06-01,2023,June,95.3,4.87,98.3,,6.5
2023-07-01,2023,July,98.1,7.44,99.1,,6.5
2023-08-01,2023,August,98.1,6.83,99.5,,6.5
2023-09-01,2023,September,97.0,5.02,99.6,,6.5
2023-10-01,2023,October,97.6,4.87,100.1,,6.5
2023-11-01,2023,November,98.1,5.55,100.1,,6.5
2023-12-01,2023,December,97.8,5.69,99.4,,6.5
2024-01-01,2024,January,97.7,5.1,99.3,,6.5
2024-02-01,2024,February,97.9,5.09,99.3,,6.5
2024-03-01,2024,March,97.9,4.85,99.4,,6.5
2024-04-01,2024,April,98.3,4.83,99.9,0.9090909090909148,6.5
2024-05-01,2024,May,98.9,4.8,100.4,1.8255578093306408,6.5
2024-06-01,2024,June,100.2,5.08,100.7,2.4415055951169946,6.5
2024-07-01,2024,July,101.7,3.6,101.0,1.9172552976791175,6.5
2024-08-01,2024,August,101.7,3.65,100.8,1.30653266331658,6.5
2024-09-01,2024,September,102.3,5.49,101.2,1.6064257028112534,6.5
2024-10-01,2024,October,103.7,6.21,102.1,1.998001998001998,6.5
2024-11-01,2024,November,103.5,5.48,102.1,1.998001998001998,6.5
2024-12-01,2024,December,102.9,5.22,101.6,2.2132796780683988,6.5
2025-01-01,2025,January,101.67,4.063459570112582,101.1,1.812688821752263,6.5
2025-02-01,2025,February,101.32,3.4933605720122385,100.9,1.6112789526686897,6.25
2025-03-01,2025,March,101.39,3.564862104187938,100.6,1.207243460764576,6.25
2025-04-01,2025,April,101.58,3.3367243133265445,100.5,0.6006006006005948,6.0
2025-05-01,2025,May,101.9,3.033367037411528,100.2,-0.1992031872509988,6.0
2025-06-01,2025,June,102.51,2.305389221556897,100.3,-0.3972194637537296,5.5
2025-07-01,2025,July,103.35,1.6224188790560312,100.2,-0.7920792079207893,5.5
2025-08-01,2025,August,103.74,2.0058997050147465,100.8,0.0,5.5
2025-09-01,2025,September,103.74,1.407624633431093,101.0,-0.1976284584980265,5.5
2025-10-01,2025,October,103.74,0.0385728061716328,100.9,-1.17531831537707,5.5
2025-11-01,2025,November,104.01,0.4927536231884133,101.5,-0.587659157688535,5.5
2025-12-01,2025,December,104.1,1.1661807580174877,101.9,0.2952755905511923,5.25
2026-01-01,2026,January,104.45,2.73433657912856,102.3,1.1869436201780443,5.25
2026-02-01,2026,February,104.57,3.207658902487176,103.1,2.1803766105054394,5.25
2026-03-01,2026,March,104.84,3.4027024361376945,104.6,3.9761431411530817,5.25
2026-04-01,2026,April,105.12,3.484937979917313,108.9,8.358208955223887,5.25
2026-05-01,2026,May,105.91,3.935230618253183,110.1,9.880239520958076,5.25
2026-06-01,2026,June,107.0,4.380060481904202,110.3,9.970089730807578,5.25
2026-07-01,2026,July,107.95,4.45,110.0,9.780439121756483,5.25
2026-08-01,2026,August,108.74,4.82,110.8,9.92063492063492,5.25
