date,usd_inr_rate,usd_inr_mom_change_pct,usd_inr_yoy_change_pct
2013-01-01,54.229,,
2013-02-01,53.8079,-0.7765217872356178,
2013-03-01,54.4229,1.1429548449205518,
2013-04-01,54.3236,-0.18245995711364538,
2013-05-01,54.9845,1.2165983108630485,
2013-06-01,58.3835,6.181742127326784,
2013-07-01,59.7609,2.359228206599462,
2013-08-01,62.8109,5.103671464117832,
2013-09-01,63.648,1.332730465572074,
2013-10-01,61.6059,-3.20842760180996,
2013-11-01,62.5179,1.4803776910977673,
2013-12-01,61.811,-1.1307161628909435,
2014-01-01,62.1057,0.47677597838571284,14.524885209020999
2014-02-01,62.1642,0.09419425270145165,15.529875724568342
2014-03-01,60.9476,-1.9570749724117764,11.988887031010842
2014-04-01,60.3464,-0.9864211224067887,11.086894093911305
2014-05-01,59.2843,-1.7600055678549165,7.8200220062017545
2014-06-01,59.7367,0.7631025414823078,2.3177781393715735
2014-07-01,60.0956,0.6008031913379952,0.5600651931279454
2014-08-01,60.8738,1.2949367341369422,-3.084018856599724
2014-09-01,60.8976,0.03909727994637624,-4.321266968325799
2014-10-01,61.3668,0.7704737132497863,-0.38811217756741234
2014-11-01,61.6828,0.5149364151300073,-1.3357774333430883
2014-12-01,62.7071,1.6605925801033594,1.4497419553153978
2015-01-01,62.13,-0.9203104592621747,0.03912684342983752
2015-02-01,61.9905,-0.22452921294061623,-0.279421274624303
2015-03-01,62.4805,0.7904436970180839,2.5151113415458504
2015-04-01,62.6414,0.2575203463480502,3.803043760688274
2015-05-01,63.715,1.71388251220439,7.473648166546631
2015-06-01,63.7809,0.10342933375186991,6.770042536665066
2015-07-01,63.6045,-0.27657182636181554,5.8388634109652005
2015-08-01,65.0971,2.3466893065742234,6.93779589905672
2015-09-01,66.1667,1.643083946903956,8.65239352618168
2015-10-01,65.0262,-1.7236767135130004,5.96315923267956
2015-11-01,66.1,1.6513343852170292,7.161153514431895
2015-12-01,66.5023,0.6086232980333062,6.05226521398694
2016-01-01,67.3332,1.2494304708258186,8.374698213423471
2016-02-01,68.2395,1.3459927643421077,10.08057686258379
2016-03-01,66.8909,-1.9762747382381263,7.058842358815953
2016-04-01,66.4219,-0.701141709858899,6.035146085496157
2016-05-01,66.8895,0.7039846797517235,4.982343247273002
2016-06-01,67.2655,0.5621211101892065,5.46339107789322
2016-07-01,67.158,-0.15981446655417564,5.586868853618854
2016-08-01,66.9035,-0.3789570862741676,2.774931602175812
2016-09-01,66.7138,-0.28354271450670154,0.826850968840831
2016-10-01,66.7415,0.041520644904036175,2.6378598165047284
2016-11-01,67.6395,1.3454896878254186,2.3290468986384427
2016-12-01,67.8052,0.2449751994027194,1.9591803591755275
2017-01-01,68.0474,0.35719974279257993,1.060695169693382
2017-02-01,66.9726,-1.5794872397769777,-1.8565493592420879
2017-03-01,65.8009,-1.7495214460839237,-1.6295191124652275
2017-04-01,64.536,-1.9223141324814619,-2.839274395944702
2017-05-01,64.4195,-0.18051940002479228,-3.692657292998147
2017-06-01,64.4482,0.044551727349628756,-4.188328340679847
2017-07-01,64.424,-0.03754953590634491,-4.0709967539235725
2017-08-01,63.9683,-0.7073450887868038,-4.387214420770203
2017-09-01,64.4775,0.7960192782987985,-3.352080079383879
2017-10-01,65.0357,0.8657283548524575,-2.5558310796131245
2017-11-01,64.8435,-0.2955299935266331,-4.133679285033143
2017-12-01,64.2445,-0.923762597638933,-5.25136715178186
2018-01-01,63.6452,-0.9328425001361995,-6.4693140369801005
2018-02-01,64.43,1.2330859200693878,-3.7964779626294853
2018-03-01,65.0455,0.9553003259351156,-1.1480086138639378
2018-04-01,65.6729,0.9645555803245331,1.7616524110573906
2018-05-01,67.51,2.7973486780696444,4.797460396308573
2018-06-01,67.79,0.41475336987113476,5.185249549250415
2018-07-01,68.6867,1.3227614692432388,6.616633552713269
2018-08-01,69.6317,1.3758122023623143,8.85344772332546
2018-09-01,72.2779,3.8002806193156324,12.097863595827985
2018-10-01,73.5609,1.775093078243839,13.108492720152153
2018-11-01,71.738,-2.4780827858278065,10.632522920570286
2018-12-01,70.8331,-1.2613956341130161,10.255508253624823
2019-01-01,70.71,-0.17378880777491057,11.100287217260686
2019-02-01,71.1739,0.6560599632301045,10.467018469656985
2019-03-01,69.4895,-2.3665978680387,6.832140578518109
2019-04-01,69.4068,-0.11901078580217606,5.685602432662495
2019-05-01,69.7827,0.5415895848821739,3.366464227521848
2019-06-01,69.388,-0.5656129671107624,2.3572798347838875
2019-07-01,68.7391,-0.9351761111431545,0.07628842264950642
2019-08-01,71.1891,3.5642014515756104,2.2366249854592013
2019-09-01,71.311,0.17123407937451596,-1.3377533104863226
2019-10-01,71.0086,-0.4240579994671312,-3.469642160441211
2019-11-01,71.4942,0.6838608281250602,-0.33984777941954425
2019-12-01,71.1567,-0.47206626551524744,0.456848563736445
2020-01-01,71.279,0.17187418753257244,0.8046952340545976
2020-02-01,71.5295,0.35143590678881065,0.4996213499611546
2020-03-01,74.5482,4.220216833614088,7.279804862605133
2020-04-01,76.1682,2.173090698366975,9.741696778989951
2020-05-01,75.6575,-0.670489784450734,8.418705495774725
2020-06-01,75.7077,0.06635165053034964,9.107770796103075
2020-07-01,74.9286,-1.0290895113707066,9.004336687562109
2020-08-01,74.5657,-0.484327746681501,4.743141857391109
2020-09-01,73.5233,-1.3979617974484215,3.1023264293026376
2020-10-01,73.5648,0.05644469168277766,3.5998456524984457
2020-11-01,74.2311,0.9057320892600806,3.828142702484949
2020-12-01,73.6195,-0.8239134271215143,3.4610936145155646
2021-01-01,73.1106,-0.6912570718355826,2.5696207859257303
2021-02-01,72.8053,-0.4175865059239059,1.7835997735200282
2021-03-01,72.8196,0.019641427203787032,-2.3187682599982273
2021-04-01,74.5186,2.3331630495086575,-2.1657332062461676
2021-05-01,73.2065,-1.7607684524400646,-3.239599510953961
2021-06-01,73.5782,0.5077417988839761,-2.812791829628969
2021-07-01,74.539,1.3058215612776758,-0.5199616701766718
2021-08-01,74.1155,-0.568158950348141,-0.6037628561121444
2021-09-01,73.6357,-0.6473679594686588,0.15287670711188195
2021-10-01,74.92,1.7441268297850199,1.8421853930140397
2021-11-01,74.477,-0.5912973838761326,0.33126277261148473
2021-12-01,75.3948,1.2323267585966136,2.411453487187498
2022-01-01,74.4075,-1.3095067564341423,1.7738877809784004
2022-02-01,74.9695,0.7553002049524471,2.9725857870237293
2022-03-01,76.1896,1.627461834479349,4.627874912798213
2022-04-01,76.1719,-0.023231517162458637,2.2186407152039678
2022-05-01,77.2933,1.472196439894513,5.582564389774136
2022-06-01,78.09,1.0307491076199327,6.131979309088842
2022-07-01,79.5915,1.9227814060699178,6.77833080669179
2022-08-01,79.5065,-0.10679532362123378,7.2737821373396905
2022-09-01,80.2538,0.9399231509373385,8.987624209452761
2022-10-01,82.2915,2.5390698010561596,9.839161772557393
2022-11-01,81.6805,-0.7424825164202953,9.672113538407823
2022-12-01,82.4738,0.971223241777408,9.389241698366458
2023-01-01,81.741,-0.8885245981147927,9.855861304304003
2023-02-01,82.5995,1.0502685310921134,10.177472172016632
2023-03-01,82.2665,-0.4031501401340343,7.9760229742642075
2023-04-01,81.9685,-0.36223736271749907,7.609892887009528
2023-05-01,82.2977,0.40161769460218544,6.474558596928848
2023-06-01,82.2252,-0.08809480702377526,5.295428351901643
2023-07-01,82.1565,-0.08355102815196247,3.222705942217452
2023-08-01,82.8122,0.7981109224468153,4.157773263821207
2023-09-01,83.07,0.31130678813022783,3.5091173252855157
2023-10-01,83.2162,0.175996147827151,1.1236883517738772
2023-11-01,83.266,0.05984411689070601,1.941099772895627
2023-12-01,83.254,-0.01441164460884714,0.9459973955365353
2024-01-01,83.1119,-0.17068248973022282,1.6771265338080044
2024-02-01,82.9485,-0.1966024119289922,0.42252071743773545
2024-03-01,83.0214,0.08788585688710437,0.917627466830373
2024-04-01,83.3968,0.45217257237291086,1.7424986427712952
2024-05-01,83.3873,-0.011391324367360234,1.3239738170082394
2024-06-01,83.46,0.08718353993952821,1.501729396827245
2024-07-01,83.5895,0.15516415049126042,1.7442320449386317
2024-08-01,83.8855,0.3541114613677454,1.296065072537611
2024-09-01,83.791,-0.1126535575278198,0.8679426989286254
2024-10-01,84.005,0.255397357711451,0.9478923574976816
2024-11-01,84.3326,0.3899767870960025,1.2809550116493984
2024-12-01,84.9686,0.7541567555132911,2.059480625555521
2025-01-01,86.2652,1.5259754780001078,3.7940415271459083
2025-02-01,87.0637,0.925633975229867,4.961150593440511
2025-03-01,86.5214,-0.6228772726176279,4.2157805096035394
2025-04-01,85.5768,-1.091753022951536,2.614009170615672
2025-05-01,85.2462,-0.3863196567293947,2.229236346541996
2025-06-01,85.8765,0.7393877967580842,2.8953989935298408
2025-07-01,86.1714,0.34340011528184444,3.0887850746804446
2025-08-01,87.5695,1.6224640658037304,4.391700591878234
2025-09-01,88.3214,0.8586322863554097,5.406785931663305
2025-10-01,88.3691,0.05400729608000532,5.1950479138146655
2025-11-01,88.8444,0.5378576900749055,5.350006996108259
2025-12-01,90.035,1.3400957179068085,5.962673269890284
2026-01-01,90.9025,0.9635141889265286,5.375632352327497
2026-02-01,90.7458,-0.17238249773108283,4.2292022967092
2026-03-01,92.8182,2.283742057483651,7.277737068517154
2026-04-01,93.4805,0.7135454038109001,9.235797552607705
2026-05-01,95.5335,2.196179951968591,12.067751993637255
2026-06-01,94.96,-0.6003129792167217,10.577398939174287
2026-07-01,95.8573,0.944924178601525,11.240272294519983
2026-08-01,95.4443,-0.4308487720809939,8.992628712051554
