date,food_beverages_index,food_beverages_inflation
2013-01-01,105.6,
2013-02-01,106.6,
2013-03-01,106.9,
2013-04-01,107.7,
2013-05-01,109.2,
2013-06-01,112.2,
2013-07-01,114.7,
2013-08-01,116.6,
2013-09-01,118.3,
2013-10-01,120.2,
2013-11-01,122.6,
2013-12-01,118.4,
2014-01-01,115.8,9.66
2014-02-01,115.3,8.16
2014-03-01,116.1,8.61
2014-04-01,117.6,9.19
2014-05-01,118.9,8.88
2014-06-01,120.4,7.31
2014-07-01,124.7,8.72
2014-08-01,126.6,8.58
2014-09-01,125.8,6.34
2014-10-01,125.4,4.33
2014-11-01,125.1,2.04
2014-12-01,123.6,4.39
2015-01-01,123.1,6.3
2015-02-01,123.1,6.76
2015-03-01,123.4,6.29
2015-04-01,124.0,5.44
2015-05-01,125.0,5.13
2015-06-01,127.3,5.73
2015-07-01,128.2,2.81
2015-08-01,130.3,2.92
2015-09-01,131.2,4.29
2015-10-01,132.1,5.34
2015-11-01,132.7,6.08
2015-12-01,131.4,6.31
2016-01-01,131.3,6.66
2016-02-01,129.9,5.52
2016-03-01,129.8,5.19
2016-04-01,131.8,6.29
2016-05-01,134.0,7.2
2016-06-01,136.8,7.46
2016-07-01,138.4,7.96
2016-08-01,137.9,5.83
2016-09-01,136.6,4.12
2016-10-01,137.0,3.71
2016-11-01,136.1,2.56
2016-12-01,134.0,1.98
2017-01-01,133.1,1.37
2017-02-01,133.0,2.39
2017-03-01,133.1,2.54
2017-04-01,133.5,1.29
2017-05-01,133.7,-0.22
2017-06-01,135.2,-1.17
2017-07-01,139.0,0.43
2017-08-01,140.6,1.96
2017-09-01,139.0,1.76
2017-10-01,140.1,2.26
2017-11-01,142.1,4.41
2017-12-01,140.5,4.85
2018-01-01,139.2,4.58
2018-02-01,137.6,3.46
2018-03-01,137.2,3.08
2018-04-01,137.5,3.0
2018-05-01,138.1,3.29
2018-06-01,139.4,3.11
2018-07-01,141.4,1.73
2018-08-01,141.7,0.78
2018-09-01,140.4,1.01
2018-10-01,139.9,-0.14
2018-11-01,139.7,-1.69
2018-12-01,138.2,-1.64
2019-01-01,137.4,-1.29
2019-02-01,137.5,-0.07
2019-03-01,138.1,0.66
2019-04-01,139.4,1.38
2019-05-01,140.9,2.03
2019-06-01,142.7,2.37
2019-07-01,144.7,2.33
2019-08-01,145.9,2.96
2019-09-01,147.0,4.7
2019-10-01,149.6,6.93
2019-11-01,151.9,8.73
2019-12-01,155.0,12.16
2020-01-01,153.5,11.72
2020-02-01,150.5,9.45
2020-03-01,148.9,7.82
2020-04-01,154.0,
2020-05-01,152.7,
2020-06-01,154.0,7.92
2020-07-01,157.0,8.5
2020-08-01,158.0,8.29
2020-09-01,161.4,9.8
2020-10-01,164.7,10.09
2020-11-01,165.4,8.89
2020-12-01,161.0,3.87
2021-01-01,157.6,2.67
2021-02-01,156.9,4.25
2021-03-01,156.7,5.24
2021-04-01,158.0,2.6
2021-05-01,160.7,5.24
2021-06-01,162.6,5.58
2021-07-01,164.0,4.46
2021-08-01,163.9,3.73
2021-09-01,164.0,1.61
2021-10-01,167.7,1.82
2021-11-01,169.7,2.6
2021-12-01,168.2,4.47
2022-01-01,166.4,5.58
2022-02-01,166.2,5.93
2022-03-01,168.4,7.47
2022-04-01,170.8,8.1
2022-05-01,173.3,7.84
2022-06-01,174.9,7.56
2022-07-01,175.0,6.71
2022-08-01,176.3,7.57
2022-09-01,177.8,8.41
2022-10-01,179.6,7.1
2022-11-01,178.3,5.07
2022-12-01,175.9,4.58
2023-01-01,176.7,6.19
2023-02-01,176.6,6.26
2023-03-01,177.0,5.11
2023-04-01,177.9,4.16
2023-05-01,179.1,3.35
2023-06-01,183.1,4.69
2023-07-01,193.5,10.57
2023-08-01,192.5,9.19
2023-09-01,189.0,6.3
2023-10-01,190.9,6.29
2023-11-01,192.6,8.02
2023-12-01,191.2,8.7
2024-01-01,190.1,7.58
2024-02-01,190.3,7.76
2024-03-01,190.7,7.74
2024-04-01,191.9,7.87
2024-05-01,193.2,7.87
2024-06-01,198.4,8.36
2024-07-01,203.3,5.06
2024-08-01,202.7,5.3
2024-09-01,204.8,8.36
2024-10-01,209.4,9.69
2024-11-01,208.4,8.2
2024-12-01,205.9,7.69
2025-01-01,200.9,5.68
2025-02-01,197.6,3.84
2025-03-01,196.2,2.88
2025-04-01,196.0,2.14
2025-05-01,196.1,1.5
2025-06-01,198.1,-0.15
2025-07-01,201.6,-0.84
2025-08-01,202.8,0.05
2025-09-01,202.0,-1.37
2025-10-01,201.6,-3.72
2025-11-01,202.6,-2.78
2025-12-01,202.1,-1.85
