inflation,inflation_lag_2,inflation_lag_3,inflation_lag_6,inflation_lag_12,wpi_inflation_current,wpi_inflation_lag_1,wpi_inflation_lag_2,wpi_inflation_lag_3,wpi_inflation_lag_6,repo_rate_current,repo_rate_lag_1,repo_rate_lag_3,repo_rate_lag_6,repo_rate_change,repo_rate_change_lag_1,repo_rate_change_lag_3,inflation_rolling_mean_3,inflation_rolling_mean_6,inflation_rolling_std_3,month_num,month_sin,month_cos,target_inflation_next_month
5.19,3.27,4.62,7.39,8.6,-2.464788732394363,-1.146384479717821,-0.1749781277340378,0.8726003490401313,4.9460431654676285,7.75,8.0,8.0,8.0,-0.25,0.0,0.0,4.246666666666667,5.003333333333334,0.9604339297074789,1,0.49999999999999994,0.8660254037844387,5.37
5.37,4.28,3.27,7.03,7.88,-3.521126760563376,-2.464788732394363,-1.146384479717821,-0.1749781277340378,3.80868024800709,7.75,7.75,8.0,8.0,0.0,-0.25,0.0,4.946666666666667,4.726666666666667,0.5843229700545306,2,0.8660254037844386,0.5000000000000001,5.25
5.25,5.19,4.28,5.63,8.25,-3.849518810148722,-3.521126760563376,-2.464788732394363,-1.146384479717821,1.8372703412073528,7.5,7.75,8.0,8.0,-0.25,0.0,0.0,5.2700000000000005,4.663333333333334,0.09165151389918938,3,1.0,6.123233995736766e-17,4.87
4.87,5.37,5.19,4.62,8.48,-3.4180543382997253,-3.849518810148722,-3.521126760563376,-2.464788732394363,0.8726003490401313,7.5,7.5,7.75,8.0,0.0,-0.25,-0.25,5.163333333333334,4.705,0.26102362600605167,4,0.8660254037844387,-0.4999999999999998,5.01
5.01,5.25,5.37,3.27,8.33,-2.9616724738675937,-3.4180543382997253,-3.849518810148722,-3.521126760563376,-0.1749781277340378,7.5,7.5,7.75,8.0,0.0,0.0,0.0,5.043333333333333,4.995,0.1921804707386983,5,0.49999999999999994,-0.8660254037844387,5.4
5.4,4.87,5.25,4.28,6.77,-2.951388888888895,-2.9616724738675937,-3.4180543382997253,-3.849518810148722,-1.146384479717821,7.25,7.5,7.5,8.0,-0.25,0.0,-0.25,5.093333333333334,5.181666666666667,0.2746512940682196,6,1.2246467991473532e-16,-1.0,3.69
3.69,5.01,4.87,5.19,7.39,-4.798628963153395,-2.951388888888895,-2.9616724738675937,-3.4180543382997253,-2.464788732394363,7.25,7.25,7.5,7.75,0.0,-0.25,0.0,4.7,4.931666666666667,0.8961584681293905,7,-0.4999999999999997,-0.8660254037844388,3.74
3.74,5.4,5.01,5.37,7.03,-6.1433447098976135,-4.798628963153395,-2.951388888888895,-2.9616724738675937,-3.521126760563376,7.25,7.25,7.5,7.75,0.0,0.0,0.0,4.276666666666666,4.659999999999999,0.9731563766082769,8,-0.8660254037844385,-0.5000000000000004,4.41
4.41,3.69,5.4,5.25,5.63,-5.584192439862545,-6.1433447098976135,-4.798628963153395,-2.951388888888895,-3.849518810148722,6.75,7.25,7.25,7.5,-0.5,0.0,-0.25,3.9466666666666668,4.5200000000000005,0.40203648259001523,9,-1.0,-1.8369701987210297e-16,5.0
5.0,3.74,3.69,4.87,4.62,-4.757785467128029,-5.584192439862545,-6.1433447098976135,-4.798628963153395,-3.4180543382997253,6.75,6.75,7.25,7.5,0.0,-0.5,0.0,4.383333333333334,4.541666666666667,0.6304231383232612,10,-0.8660254037844386,0.5000000000000001,5.41
5.41,4.41,3.74,5.01,3.27,-3.6809815950920144,-4.757785467128029,-5.584192439862545,-6.1433447098976135,-2.9616724738675937,6.75,6.75,7.25,7.5,0.0,0.0,0.0,4.94,4.608333333333333,0.5026927491022868,11,-0.5000000000000004,0.8660254037844384,5.61
5.61,5.0,4.41,5.4,4.28,-2.408563782337192,-3.6809815950920144,-4.757785467128029,-5.584192439862545,-2.951388888888895,6.75,6.75,6.75,7.25,0.0,0.0,-0.5,5.340000000000001,4.6433333333333335,0.31096623610934565,12,-2.4492935982947064e-16,1.0,5.69
5.69,5.41,5.0,3.69,5.19,-2.527075812274371,-2.408563782337192,-3.6809815950920144,-4.757785467128029,-4.798628963153395,6.75,6.75,6.75,7.25,0.0,0.0,0.0,5.57,4.976666666666667,0.14422205101860186,1,0.49999999999999994,0.8660254037844387,5.26
5.26,5.61,5.41,3.74,5.37,-2.2810218978102204,-2.527075812274371,-2.408563782337192,-3.6809815950920144,-6.1433447098976135,6.75,6.75,6.75,7.25,0.0,0.0,0.0,5.5200000000000005,5.23,0.22869193252061307,2,0.8660254037844386,0.5000000000000001,4.83
4.83,5.69,5.61,4.41,5.25,-2.0018198362147466,-2.2810218978102204,-2.527075812274371,-2.408563782337192,-5.584192439862545,6.75,6.75,6.75,6.75,0.0,0.0,0.0,5.260000000000001,5.3,0.43000000000001665,3,1.0,6.123233995736766e-17,5.47
5.47,5.26,5.69,5.0,4.87,-1.0889292196007316,-2.0018198362147466,-2.2810218978102204,-2.527075812274371,-4.757785467128029,6.5,6.75,6.75,6.75,-0.25,0.0,0.0,5.1866666666666665,5.378333333333333,0.32624121954981083,4,0.8660254037844387,-0.4999999999999998,5.76
5.76,4.83,5.26,5.41,5.01,-0.8976660682226245,-1.0889292196007316,-2.0018198362147466,-2.2810218978102204,-3.6809815950920144,6.5,6.5,6.75,6.75,0.0,-0.25,0.0,5.353333333333334,5.436666666666667,0.47585011645826714,5,0.49999999999999994,-0.8660254037844387,5.77
5.77,5.47,4.83,5.61,5.4,-0.0894454382826426,-0.8976660682226245,-1.0889292196007316,-2.0018198362147466,-2.408563782337192,6.5,6.5,6.75,6.75,0.0,0.0,0.0,5.666666666666667,5.463333333333334,0.17039170558845862,6,1.2246467991473532e-16,-1.0,6.07
6.07,5.76,5.47,5.69,3.69,0.6300630063006407,-0.0894454382826426,-0.8976660682226245,-1.0889292196007316,-2.527075812274371,6.5,6.5,6.5,6.75,0.0,0.0,-0.25,5.866666666666667,5.526666666666667,0.17616280348967733,7,-0.4999999999999997,-0.8660254037844388,5.05
5.05,5.77,5.76,5.26,3.74,1.090909090909098,0.6300630063006407,-0.0894454382826426,-0.8976660682226245,-2.2810218978102204,6.5,6.5,6.5,6.75,0.0,0.0,0.0,5.63,5.491666666666667,0.5242136968832569,8,-0.8660254037844385,-0.5000000000000004,4.39
4.39,6.07,5.77,4.83,4.41,1.364877161055511,1.090909090909098,0.6300630063006407,-0.0894454382826426,-2.0018198362147466,6.5,6.5,6.5,6.75,0.0,0.0,0.0,5.17,5.418333333333333,0.8464041587799621,9,-1.0,-1.8369701987210297e-16,4.2
4.2,5.05,6.07,5.47,5.0,1.2715712988192518,1.364877161055511,1.090909090909098,0.6300630063006407,-1.0889292196007316,6.25,6.5,6.5,6.5,-0.25,0.0,0.0,4.546666666666667,5.206666666666666,0.44613152021949004,10,-0.8660254037844386,0.5000000000000001,3.63
3.63,4.39,5.05,5.76,5.41,1.8198362147406664,1.2715712988192518,1.364877161055511,1.090909090909098,-0.8976660682226245,6.25,6.25,6.5,6.5,0.0,-0.25,0.0,4.073333333333333,4.851666666666667,0.3955165398985957,11,-0.5000000000000004,0.8660254037844384,3.41
3.41,4.2,4.39,5.77,5.61,2.10237659963437,1.8198362147406664,1.2715712988192518,1.364877161055511,-0.0894454382826426,6.25,6.25,6.5,6.5,0.0,0.0,0.0,3.7466666666666675,4.458333333333333,0.40771722226729656,12,-2.4492935982947064e-16,1.0,3.17
3.17,3.63,4.2,6.07,5.69,4.259259259259252,2.10237659963437,1.8198362147406664,1.2715712988192518,0.6300630063006407,6.25,6.25,6.25,6.5,0.0,0.0,-0.25,3.4033333333333338,3.975,0.2300724523565625,1,0.49999999999999994,0.8660254037844387,3.65
3.65,3.41,3.63,5.05,5.26,5.50887021475257,4.259259259259252,2.10237659963437,1.8198362147406664,1.090909090909098,6.25,6.25,6.25,6.5,0.0,0.0,0.0,3.41,3.7416666666666667,0.24000000000006108,2,0.8660254037844386,0.5000000000000001,3.89
3.89,3.17,3.41,4.39,4.83,5.106778087279484,5.50887021475257,4.259259259259252,2.10237659963437,1.364877161055511,6.25,6.25,6.25,6.5,0.0,0.0,0.0,3.5700000000000003,3.658333333333333,0.3666060555965054,3,1.0,6.123233995736766e-17,2.99
2.99,3.65,3.17,4.2,5.47,3.8532110091743066,5.106778087279484,5.50887021475257,4.259259259259252,1.2715712988192518,6.25,6.25,6.25,6.25,0.0,0.0,0.0,3.5100000000000002,3.456666666666667,0.4660472079092721,4,0.8660254037844387,-0.4999999999999998,2.18
2.18,3.89,3.65,3.63,5.76,2.264492753623193,3.8532110091743066,5.106778087279484,5.50887021475257,1.8198362147406664,6.25,6.25,6.25,6.25,0.0,0.0,0.0,3.02,3.2150000000000003,0.8553946457630143,5,0.49999999999999994,-0.8660254037844387,1.46
1.46,2.99,3.89,3.41,5.77,0.8952551477170889,2.264492753623193,3.8532110091743066,5.106778087279484,2.10237659963437,6.25,6.25,6.25,6.25,0.0,0.0,0.0,2.2100000000000004,2.89,0.7654410493304105,6,1.2246467991473532e-16,-1.0,2.36
2.36,2.18,2.99,3.17,6.07,1.878354203935606,0.8952551477170889,2.264492753623193,3.8532110091743066,4.259259259259252,6.25,6.25,6.25,6.25,0.0,0.0,0.0,2.0000000000000004,2.7550000000000003,0.47623523599166995,7,-0.4999999999999997,-0.8660254037844388,3.28
3.28,1.46,2.18,3.65,5.05,3.237410071942448,1.878354203935606,0.8952551477170889,2.264492753623193,5.50887021475257,6.0,6.25,6.25,6.25,-0.25,0.0,0.0,2.3666666666666667,2.6933333333333334,0.9100183148340318,8,-0.8660254037844385,-0.5000000000000004,3.28
3.28,2.36,1.46,3.89,4.39,3.14183123877918,3.237410071942448,1.878354203935606,0.8952551477170889,5.106778087279484,6.0,6.0,6.25,6.25,0.0,-0.25,0.0,2.973333333333333,2.591666666666667,0.5311622476544858,9,-1.0,-1.8369701987210297e-16,3.58
3.58,3.28,2.36,2.99,4.2,3.677130044843047,3.14183123877918,3.237410071942448,1.878354203935606,3.8532110091743066,6.0,6.0,6.25,6.25,0.0,0.0,0.0,3.3800000000000003,2.69,0.1732050807568879,10,-0.8660254037844386,0.5000000000000001,4.88
4.88,3.28,3.28,2.18,3.63,4.021447721179627,3.677130044843047,3.14183123877918,3.237410071942448,2.264492753623193,6.0,6.0,6.0,6.25,0.0,0.0,-0.25,3.913333333333334,3.14,0.8504900548115384,11,-0.5000000000000004,0.8660254037844384,5.21
5.21,3.58,3.28,1.46,3.41,3.5810205908684,4.021447721179627,3.677130044843047,3.14183123877918,0.8952551477170889,6.0,6.0,6.0,6.25,0.0,0.0,0.0,4.5566666666666675,3.765,0.8617617613548039,12,-2.4492935982947064e-16,1.0,5.07
5.07,4.88,3.58,2.36,3.17,3.0195381882770933,3.5810205908684,4.021447721179627,3.677130044843047,1.878354203935606,6.0,6.0,6.0,6.25,0.0,0.0,0.0,5.053333333333334,4.216666666666667,0.16563010998406677,1,0.49999999999999994,0.8660254037844387,4.44
4.44,5.21,4.88,3.28,3.65,2.743362831858409,3.0195381882770933,3.5810205908684,4.021447721179627,3.237410071942448,6.0,6.0,6.0,6.0,0.0,0.0,0.0,4.906666666666667,4.41,0.4101625693957629,2,0.8660254037844386,0.5000000000000001,4.28
4.28,5.07,5.21,3.28,3.89,2.738515901060068,2.743362831858409,3.0195381882770933,3.5810205908684,3.14183123877918,6.0,6.0,6.0,6.0,0.0,0.0,0.0,4.596666666666667,4.576666666666667,0.4176521678781693,3,1.0,6.123233995736766e-17,4.58
4.58,4.44,5.07,3.58,2.99,3.621908127208484,2.738515901060068,2.743362831858409,3.0195381882770933,3.677130044843047,6.0,6.0,6.0,6.0,0.0,0.0,0.0,4.4333333333333345,4.743333333333333,0.15011106998930737,4,0.8660254037844387,-0.4999999999999998,4.87
4.87,4.28,4.44,4.88,2.18,4.782993799822854,3.621908127208484,2.738515901060068,2.743362831858409,4.021447721179627,6.0,6.0,6.0,6.0,0.0,0.0,0.0,4.576666666666667,4.741666666666667,0.29501412395567483,5,0.49999999999999994,-0.8660254037844387,4.92
4.92,4.58,4.28,5.21,1.46,5.67879325643299,4.782993799822854,3.621908127208484,2.738515901060068,3.5810205908684,6.25,6.0,6.0,6.0,0.25,0.0,0.0,4.79,4.693333333333333,0.18357559750685906,6,1.2246467991473532e-16,-1.0,4.17
4.17,4.87,4.58,5.07,2.36,5.267778753292363,5.67879325643299,4.782993799822854,3.621908127208484,3.0195381882770933,6.25,6.25,6.0,6.0,0.0,0.25,0.0,4.653333333333333,4.543333333333333,0.419324854180305,7,-0.4999999999999997,-0.8660254037844388,3.69
3.69,4.92,4.87,4.44,3.28,4.616724738675959,5.267778753292363,5.67879325643299,4.782993799822854,2.743362831858409,6.5,6.25,6.0,6.0,0.25,0.0,0.0,4.260000000000001,4.418333333333334,0.6199193495931565,8,-0.8660254037844385,-0.5000000000000004,3.7
3.7,4.17,4.92,4.28,3.28,5.22193211488251,4.616724738675959,5.267778753292363,5.67879325643299,2.738515901060068,6.5,6.5,6.25,6.0,0.0,0.25,0.25,3.8533333333333335,4.321666666666666,0.2742869543622836,9,-1.0,-1.8369701987210297e-16,3.38
3.38,3.69,4.17,4.58,3.58,5.536332179930792,5.22193211488251,4.616724738675959,5.267778753292363,3.621908127208484,6.5,6.5,6.25,6.0,0.0,0.0,0.0,3.5900000000000003,4.121666666666667,0.181934053986617,10,-0.8660254037844386,0.5000000000000001,2.33
2.33,3.7,3.69,4.87,4.88,4.4673539518900185,5.536332179930792,5.22193211488251,4.616724738675959,4.782993799822854,6.5,6.5,6.5,6.0,0.0,0.0,0.25,3.136666666666667,3.698333333333333,0.716682170374944,11,-0.5000000000000004,0.8660254037844384,2.11
2.11,3.38,3.7,4.92,5.21,3.457216940363006,4.4673539518900185,5.536332179930792,5.22193211488251,5.67879325643299,6.5,6.5,6.5,6.25,0.0,0.0,0.0,2.606666666666667,3.23,0.6786997372427239,12,-2.4492935982947064e-16,1.0,1.97
1.97,2.33,3.38,4.17,5.07,2.758620689655178,3.457216940363006,4.4673539518900185,5.536332179930792,5.267778753292363,6.5,6.5,6.5,6.25,0.0,0.0,0.0,2.136666666666667,2.8633333333333333,0.18147543451758127,1,0.49999999999999994,0.8660254037844387,2.57
2.57,2.11,2.33,3.69,4.44,2.9285099052541064,2.758620689655178,3.457216940363006,4.4673539518900185,4.616724738675959,6.25,6.5,6.5,6.5,-0.25,0.0,0.0,2.216666666666667,2.676666666666667,0.313900196453179,2,0.8660254037844386,0.5000000000000001,2.86
2.86,1.97,2.11,3.7,4.28,3.095442820292349,2.9285099052541064,2.758620689655178,3.457216940363006,5.22193211488251,6.25,6.25,6.5,6.5,0.0,-0.25,0.0,2.466666666666667,2.5366666666666666,0.45390894828516304,3,1.0,6.123233995736766e-17,2.99
2.99,2.57,1.97,3.38,4.58,3.239556692242118,3.095442820292349,2.9285099052541064,2.758620689655178,5.536332179930792,6.0,6.25,6.5,6.5,-0.25,0.0,0.0,2.806666666666667,2.4716666666666667,0.21501937897161924,4,0.8660254037844387,-0.4999999999999998,3.05
3.05,2.86,2.57,2.33,4.87,2.789518174133554,3.239556692242118,3.095442820292349,2.9285099052541064,4.4673539518900185,6.0,6.0,6.25,6.5,0.0,-0.25,-0.25,2.966666666666667,2.591666666666667,0.09712534856225574,5,0.49999999999999994,-0.8660254037844387,3.18
3.18,2.99,2.86,2.11,4.92,2.015113350125941,2.789518174133554,3.239556692242118,3.095442820292349,3.457216940363006,5.75,6.0,6.25,6.5,-0.25,0.0,0.0,3.073333333333334,2.77,0.09712534856225177,6,1.2246467991473532e-16,-1.0,3.15
3.15,3.05,2.99,1.97,4.17,1.1676396997497784,2.015113350125941,2.789518174133554,3.239556692242118,2.758620689655178,5.75,5.75,6.0,6.5,0.0,-0.25,-0.25,3.126666666666667,2.966666666666667,0.06806859285557854,7,-0.4999999999999997,-0.8660254037844388,3.28
3.28,3.18,3.05,2.57,3.69,1.1656952539550458,1.1676396997497784,2.015113350125941,2.789518174133554,2.9285099052541064,5.4,5.75,6.0,6.25,-0.34999999999999964,0.0,0.0,3.203333333333333,3.0849999999999995,0.06806859285557416,8,-0.8660254037844385,-0.5000000000000004,3.99
3.99,3.15,3.18,2.86,3.7,0.3308519437551727,1.1656952539550458,1.1676396997497784,2.015113350125941,3.095442820292349,5.4,5.4,5.75,6.25,0.0,-0.34999999999999964,-0.25,3.473333333333334,3.2733333333333334,0.45214304521172954,9,-1.0,-1.8369701987210297e-16,4.62
4.62,3.28,3.15,2.99,3.38,0.0,0.3308519437551727,1.1656952539550458,1.1676396997497784,3.239556692242118,5.15,5.4,5.75,6.0,-0.25,0.0,0.0,3.9633333333333334,3.545,0.6703978918025716,10,-0.8660254037844386,0.5000000000000001,5.54
5.54,3.99,3.28,3.05,2.33,0.5756578947368363,0.0,0.3308519437551727,1.1656952539550458,2.789518174133554,5.15,5.15,5.4,6.0,0.0,-0.25,-0.34999999999999964,4.716666666666668,3.9600000000000004,0.7795083920865291,11,-0.5000000000000004,0.8660254037844384,7.35
7.35,4.62,3.99,3.18,2.11,2.7568922305764465,0.5756578947368363,0.0,0.3308519437551727,2.015113350125941,5.15,5.15,5.4,5.75,0.0,0.0,0.0,5.836666666666667,4.655,1.3889684421660982,12,-2.4492935982947064e-16,1.0,7.59
7.59,5.54,4.62,3.15,1.97,3.523489932885915,2.7568922305764465,0.5756578947368363,0.0,1.1676396997497784,5.15,5.15,5.15,5.75,0.0,0.0,-0.25,6.826666666666667,5.395,1.120728929462121,1,0.49999999999999994,0.8660254037844387,6.58
6.58,7.35,5.54,3.28,2.57,2.259414225941425,3.523489932885915,2.7568922305764465,0.5756578947368363,1.1656952539550458,5.15,5.15,5.15,5.4,0.0,0.0,0.0,7.173333333333333,5.945,0.5276678248039284,2,0.8660254037844386,0.5000000000000001,5.84
5.84,7.59,7.35,3.99,2.86,0.417014178482078,2.259414225941425,3.523489932885915,2.7568922305764465,0.3308519437551727,4.4,5.15,5.15,5.4,-0.75,0.0,0.0,6.670000000000001,6.253333333333333,0.8784645695757911,3,1.0,6.123233995736766e-17,7.22
7.22,6.58,7.59,4.62,2.99,-1.5689512799339278,0.417014178482078,2.259414225941425,3.523489932885915,0.0,4.4,4.4,5.15,5.15,0.0,-0.75,0.0,6.546666666666667,6.686666666666667,0.6906036007242606,4,0.8660254037844387,-0.4999999999999998,6.27
6.27,5.84,6.58,5.54,3.05,-3.3717105263157854,-1.5689512799339278,0.417014178482078,2.259414225941425,0.5756578947368363,4.0,4.4,5.15,5.15,-0.40000000000000036,0.0,0.0,6.4433333333333325,6.808333333333333,0.7061397406557112,5,0.49999999999999994,-0.8660254037844387,6.23
6.23,7.22,5.84,7.35,3.18,-1.810699588477372,-3.3717105263157854,-1.5689512799339278,0.417014178482078,2.7568922305764465,4.0,4.0,4.4,5.15,0.0,-0.40000000000000036,-0.75,6.573333333333333,6.621666666666667,0.5603867711976379,6,1.2246467991473532e-16,-1.0,6.73
6.73,6.27,7.22,7.59,3.15,-0.2473206924979321,-1.810699588477372,-3.3717105263157854,-1.5689512799339278,3.523489932885915,4.0,4.0,4.4,5.15,0.0,0.0,0.0,6.410000000000001,6.478333333333333,0.2778488797889646,7,-0.4999999999999997,-0.8660254037844388,6.69
6.69,6.23,6.27,6.58,3.28,0.4115226337448652,-0.2473206924979321,-1.810699588477372,-3.3717105263157854,2.259414225941425,4.0,4.0,4.0,5.15,0.0,0.0,-0.40000000000000036,6.550000000000001,6.496666666666667,0.2778488797889616,8,-0.8660254037844385,-0.5000000000000004,7.27
7.27,6.73,6.23,5.84,3.99,1.3190436933223415,0.4115226337448652,-0.2473206924979321,-1.810699588477372,0.417014178482078,4.0,4.0,4.0,4.4,0.0,0.0,0.0,6.896666666666667,6.734999999999999,0.32393414968679946,9,-1.0,-1.8369701987210297e-16,7.61
7.61,6.69,6.73,7.22,4.62,1.3114754098360717,1.3190436933223415,0.4115226337448652,-0.2473206924979321,-1.5689512799339278,4.0,4.0,4.0,4.4,0.0,0.0,0.0,7.19,6.8,0.46518813398449155,10,-0.8660254037844386,0.5000000000000001,6.93
6.93,7.27,6.69,6.27,5.54,2.289452166802941,1.3114754098360717,1.3190436933223415,0.4115226337448652,-3.3717105263157854,4.0,4.0,4.0,4.0,0.0,0.0,0.0,7.2700000000000005,6.91,0.3399999999999599,11,-0.5000000000000004,0.8660254037844384,4.59
4.59,7.61,7.27,6.23,7.35,1.951219512195124,2.289452166802941,1.3114754098360717,1.3190436933223415,-1.810699588477372,4.0,4.0,4.0,4.0,0.0,0.0,0.0,6.376666666666668,6.636666666666667,1.5842137902863107,12,-2.4492935982947064e-16,1.0,4.06
4.06,6.93,7.61,6.73,7.59,2.5121555915721183,1.951219512195124,2.289452166802941,1.3114754098360717,-0.2473206924979321,4.0,4.0,4.0,4.0,0.0,0.0,0.0,5.193333333333334,6.191666666666666,1.527165129687466,1,0.49999999999999994,0.8660254037844387,5.03
5.03,4.59,6.93,6.69,6.58,4.828150572831413,2.5121555915721183,1.951219512195124,2.289452166802941,0.4115226337448652,4.0,4.0,4.0,4.0,0.0,0.0,0.0,4.5600000000000005,5.915,0.48569537778324673,2,0.8660254037844386,0.5000000000000001,5.52
5.52,4.06,4.59,7.27,5.84,7.890365448504988,4.828150572831413,2.5121555915721183,1.951219512195124,1.3190436933223415,4.0,4.0,4.0,4.0,0.0,0.0,0.0,4.87,5.623333333333334,0.7430343195304016,3,1.0,6.123233995736766e-17,4.23
4.23,5.03,4.06,7.61,7.22,10.738255033557053,7.890365448504988,4.828150572831413,2.5121555915721183,1.3114754098360717,4.0,4.0,4.0,4.0,0.0,0.0,0.0,4.926666666666667,5.06,0.6511784189708215,4,0.8660254037844387,-0.4999999999999998,6.3
6.3,5.52,5.03,6.93,6.27,13.10638297872342,10.738255033557053,7.890365448504988,4.828150572831413,2.289452166802941,4.0,4.0,4.0,4.0,0.0,0.0,0.0,5.3500000000000005,4.955,1.0454185764563402,5,0.49999999999999994,-0.8660254037844387,6.26
6.26,4.23,5.52,4.59,6.23,12.070410729253966,13.10638297872342,10.738255033557053,7.890365448504988,1.951219512195124,4.0,4.0,4.0,4.0,0.0,0.0,0.0,5.596666666666667,5.233333333333333,1.183737020344186,6,1.2246467991473532e-16,-1.0,5.59
5.59,6.3,4.23,4.06,6.73,11.570247933884303,12.070410729253966,13.10638297872342,10.738255033557053,2.5121555915721183,4.0,4.0,4.0,4.0,0.0,0.0,0.0,6.05,5.488333333333333,0.3988734135035757,7,-0.4999999999999997,-0.8660254037844388,5.3
5.3,6.26,6.3,5.03,6.69,11.63934426229507,11.570247933884303,12.070410729253966,13.10638297872342,4.828150572831413,4.0,4.0,4.0,4.0,0.0,0.0,0.0,5.716666666666666,5.533333333333334,0.4923751956926054,8,-0.8660254037844385,-0.5000000000000004,4.35
4.35,5.59,6.26,5.52,7.27,11.79820992676972,11.63934426229507,11.570247933884303,12.070410729253966,7.890365448504988,4.0,4.0,4.0,4.0,0.0,0.0,0.0,5.08,5.338333333333334,0.6486139067272653,9,-1.0,-1.8369701987210297e-16,4.48
4.48,5.3,5.59,4.23,7.61,13.834951456310684,11.79820992676972,11.63934426229507,11.570247933884303,10.738255033557053,4.0,4.0,4.0,4.0,0.0,0.0,0.0,4.71,5.38,0.5150728103870458,10,-0.8660254037844386,0.5000000000000001,4.91
4.91,4.35,5.3,6.3,6.93,14.868105515587526,13.834951456310684,11.79820992676972,11.63934426229507,13.10638297872342,4.0,4.0,4.0,4.0,0.0,0.0,0.0,4.580000000000001,5.148333333333333,0.293087017795076,11,-0.5000000000000004,0.8660254037844384,5.66
5.66,4.48,4.35,6.26,4.59,14.274322169059015,14.868105515587526,13.834951456310684,11.79820992676972,12.070410729253966,4.0,4.0,4.0,4.0,0.0,0.0,0.0,5.016666666666667,5.048333333333334,0.5971878543082904,12,-2.4492935982947064e-16,1.0,6.01
6.01,4.91,4.48,5.59,4.06,13.675889328063253,14.274322169059015,14.868105515587526,13.834951456310684,11.570247933884303,4.0,4.0,4.0,4.0,0.0,0.0,0.0,5.526666666666666,5.118333333333333,0.5619905100029133,1,0.49999999999999994,0.8660254037844387,6.07
6.07,5.66,4.91,5.3,5.03,13.42701014832164,13.675889328063253,14.274322169059015,14.868105515587526,11.63934426229507,4.0,4.0,4.0,4.0,0.0,0.0,0.0,5.913333333333334,5.246666666666667,0.22143471573655996,2,0.8660254037844386,0.5000000000000001,6.95
6.95,6.01,5.66,4.35,5.52,14.626635873749038,13.42701014832164,13.675889328063253,14.274322169059015,11.79820992676972,4.0,4.0,4.0,4.0,0.0,0.0,0.0,6.343333333333334,5.68,0.5262445565830847,3,1.0,6.123233995736766e-17,7.79
7.79,6.07,6.01,4.48,4.23,15.37878787878788,14.626635873749038,13.42701014832164,13.675889328063253,13.834951456310684,4.0,4.0,4.0,4.0,0.0,0.0,0.0,6.936666666666667,6.2316666666666665,0.8600775158864005,4,0.8660254037844387,-0.4999999999999998,7.04
7.04,6.95,6.07,4.91,6.3,16.62904439428141,15.37878787878788,14.626635873749038,13.42701014832164,14.868105515587526,4.4,4.0,4.0,4.0,0.40000000000000036,0.0,0.0,7.260000000000001,6.586666666666667,0.46119410230399216,5,0.49999999999999994,-0.8660254037844387,7.01
7.01,7.79,6.95,5.66,6.26,16.23036649214662,16.62904439428141,15.37878787878788,14.626635873749038,14.274322169059015,4.9,4.4,4.0,4.0,0.5,0.40000000000000036,0.0,7.28,6.8116666666666665,0.4419275958796701,6,1.2246467991473532e-16,-1.0,6.71
6.71,7.04,7.79,6.01,5.59,14.074074074074083,16.23036649214662,16.62904439428141,15.37878787878788,13.675889328063253,4.9,4.9,4.0,4.0,0.0,0.5,0.0,6.920000000000001,6.928333333333334,0.18248287590891357,7,-0.4999999999999997,-0.8660254037844388,7.0
7.0,7.01,7.04,6.07,5.3,12.481644640234958,14.074074074074083,16.23036649214662,16.62904439428141,13.42701014832164,5.4,4.9,4.4,4.0,0.5,0.0,0.40000000000000036,6.906666666666666,7.083333333333333,0.17039170558839242,8,-0.8660254037844385,-0.5000000000000004,7.41
7.41,6.71,7.01,6.95,4.35,10.55312954876273,12.481644640234958,14.074074074074083,16.23036649214662,14.626635873749038,5.9,5.4,4.9,4.0,0.5,0.5,0.5,7.04,7.16,0.3517101079013611,9,-1.0,-1.8369701987210297e-16,6.77
6.77,7.0,6.71,7.79,4.48,8.67093105899077,10.55312954876273,12.481644640234958,14.074074074074083,15.37878787878788,5.9,5.9,4.9,4.0,0.0,0.5,0.0,7.06,6.989999999999999,0.32419130154892645,10,-0.8660254037844386,0.5000000000000001,5.88
5.88,7.41,7.0,7.04,4.91,6.123869171885876,8.67093105899077,10.55312954876273,12.481644640234958,16.62904439428141,5.9,5.9,5.4,4.4,0.0,0.0,0.5,6.6866666666666665,6.796666666666667,0.7683965989860465,11,-0.5000000000000004,0.8660254037844384,5.72
5.72,6.77,7.41,7.01,5.66,5.024424284717366,6.123869171885876,8.67093105899077,10.55312954876273,16.23036649214662,6.25,5.9,5.9,4.9,0.34999999999999964,0.0,0.5,6.123333333333332,6.581666666666667,0.5657148869645622,12,-2.4492935982947064e-16,1.0,6.52
6.52,5.88,6.77,6.71,6.01,4.798331015299007,5.024424284717366,6.123869171885876,8.67093105899077,14.074074074074083,6.25,6.25,5.9,4.9,0.0,0.34999999999999964,0.0,6.039999999999999,6.55,0.4233202097703282,1,0.49999999999999994,0.8660254037844387,6.44
6.44,5.72,5.88,7.0,6.07,3.854094975911893,4.798331015299007,5.024424284717366,6.123869171885876,12.481644640234958,6.5,6.25,5.9,5.4,0.25,0.0,0.0,6.226666666666667,6.456666666666667,0.44060564378288025,2,0.8660254037844386,0.5000000000000001,5.66
5.66,6.52,5.72,7.41,6.95,1.410342511752849,3.854094975911893,4.798331015299007,5.024424284717366,10.55312954876273,6.5,6.5,6.25,5.9,0.0,0.25,0.34999999999999964,6.206666666666667,6.165,0.47511402140257497,3,1.0,6.123233995736766e-17,4.7
4.7,6.44,6.52,6.77,7.79,-0.7879185817465606,1.410342511752849,3.854094975911893,4.798331015299007,8.67093105899077,6.5,6.5,6.25,5.9,0.0,0.0,0.0,5.600000000000001,5.82,0.8715503427800373,4,0.8660254037844387,-0.4999999999999998,4.31
4.31,5.66,6.44,5.88,7.04,-3.612903225806452,-0.7879185817465606,1.410342511752849,3.854094975911893,6.123869171885876,6.5,6.5,6.5,5.9,0.0,0.0,0.25,4.890000000000001,5.558333333333333,0.6947661477072764,5,0.49999999999999994,-0.8660254037844387,4.87
4.87,4.7,5.66,5.72,7.01,-4.182754182754178,-3.612903225806452,-0.7879185817465606,1.410342511752849,5.024424284717366,6.5,6.5,6.5,6.25,0.0,0.0,0.0,4.626666666666667,5.416666666666667,0.28711205710200594,6,1.2246467991473532e-16,-1.0,7.44
7.44,4.31,4.7,6.52,6.71,-1.2337662337662425,-4.182754182754178,-3.612903225806452,-0.7879185817465606,4.798331015299007,6.5,6.5,6.5,6.25,0.0,0.0,0.0,5.54,5.57,1.669101554729371,7,-0.4999999999999997,-0.8660254037844388,6.83
6.83,4.87,4.31,6.44,7.0,-0.4569190600522077,-1.2337662337662425,-4.182754182754178,-3.612903225806452,3.854094975911893,6.5,6.5,6.5,6.5,0.0,0.0,0.0,6.38,5.635000000000001,1.3427955912945178,8,-0.8660254037844385,-0.5000000000000004,5.02
5.02,7.44,4.87,5.66,7.41,-0.0658327847267936,-0.4569190600522077,-1.2337662337662425,-4.182754182754178,1.410342511752849,6.5,6.5,6.5,6.5,0.0,0.0,0.0,6.43,5.528333333333333,1.2586103447850705,9,-1.0,-1.8369701987210297e-16,4.87
4.87,6.83,7.44,4.7,6.77,-0.2616088947024253,-0.0658327847267936,-0.4569190600522077,-1.2337662337662425,-0.7879185817465606,6.5,6.5,6.5,6.5,0.0,0.0,0.0,5.573333333333333,5.556666666666666,1.0908864896648662,10,-0.8660254037844386,0.5000000000000001,5.55
5.55,5.02,6.83,4.31,5.88,0.3934426229508236,-0.2616088947024253,-0.0658327847267936,-0.4569190600522077,-3.612903225806452,6.5,6.5,6.5,6.5,0.0,0.0,0.0,5.146666666666667,5.763333333333333,0.3572580766523512,11,-0.5000000000000004,0.8660254037844384,5.69
5.69,4.87,5.02,4.87,5.72,0.8637873754152814,0.3934426229508236,-0.2616088947024253,-0.0658327847267936,-4.182754182754178,6.5,6.5,6.5,6.5,0.0,0.0,0.0,5.37,5.8999999999999995,0.4386342439892286,12,-2.4492935982947064e-16,1.0,5.1
5.1,5.55,4.87,7.44,6.52,0.3317850033178526,0.8637873754152814,0.3934426229508236,-0.2616088947024253,-1.2337662337662425,6.5,6.5,6.5,6.5,0.0,0.0,0.0,5.446666666666666,5.510000000000001,0.3082747692130109,1,0.49999999999999994,0.8660254037844387,5.09
5.09,5.69,5.55,6.83,6.44,0.1988071570576455,0.3317850033178526,0.8637873754152814,0.3934426229508236,-0.4569190600522077,6.5,6.5,6.5,6.5,0.0,0.0,0.0,5.293333333333334,5.22,0.34355979586286967,2,0.8660254037844386,0.5000000000000001,4.85
4.85,5.1,5.69,5.02,5.66,0.2649006622516658,0.1988071570576455,0.3317850033178526,0.8637873754152814,-0.0658327847267936,6.5,6.5,6.5,6.5,0.0,0.0,0.0,5.013333333333334,5.191666666666666,0.1415391583037678,3,1.0,6.123233995736766e-17,4.83
4.83,5.09,5.1,4.87,4.7,0.9090909090909038,0.2649006622516658,0.1988071570576455,0.3317850033178526,-0.2616088947024253,6.5,6.5,6.5,6.5,0.0,0.0,0.0,4.923333333333334,5.185,0.14468356276142724,4,0.8660254037844387,-0.4999999999999998,4.8
4.8,4.85,5.09,5.55,4.31,1.8255578093306468,0.9090909090909038,0.2649006622516658,0.1988071570576455,0.3934426229508236,6.5,6.5,6.5,6.5,0.0,0.0,0.0,4.826666666666667,5.06,0.025166114784385026,5,0.49999999999999994,-0.8660254037844387,5.08
5.08,4.83,4.85,5.69,4.87,2.4415055951169995,1.8255578093306468,0.9090909090909038,0.2649006622516658,0.8637873754152814,6.5,6.5,6.5,6.5,0.0,0.0,0.0,4.903333333333333,4.958333333333333,0.15373136743469135,6,1.2246467991473532e-16,-1.0,3.6
3.6,4.8,4.83,5.1,7.44,1.9172552976791213,2.4415055951169995,1.8255578093306468,0.9090909090909038,0.3317850033178526,6.5,6.5,6.5,6.5,0.0,0.0,0.0,4.493333333333333,4.708333333333333,0.7862145593496371,7,-0.4999999999999997,-0.8660254037844388,3.65
3.65,5.08,4.8,5.09,6.83,1.306532663316573,1.9172552976791213,2.4415055951169995,1.8255578093306468,0.1988071570576455,6.5,6.5,6.5,6.5,0.0,0.0,0.0,4.11,4.468333333333333,0.8404165633779564,8,-0.8660254037844385,-0.5000000000000004,5.49
5.49,3.6,5.08,4.85,5.02,1.6064257028112428,1.306532663316573,1.9172552976791213,2.4415055951169995,0.2649006622516658,6.5,6.5,6.5,6.5,0.0,0.0,0.0,4.246666666666667,4.575,1.0770484359272554,9,-1.0,-1.8369701987210297e-16,6.21
6.21,3.65,3.6,4.83,4.87,1.998001998001997,1.6064257028112428,1.306532663316573,1.9172552976791213,0.9090909090909038,6.5,6.5,6.5,6.5,0.0,0.0,0.0,5.116666666666667,4.805,1.3202020047452354,10,-0.8660254037844386,0.5000000000000001,5.48
5.48,5.49,3.65,4.8,5.55,1.998001998001997,1.998001998001997,1.6064257028112428,1.306532663316573,1.8255578093306468,6.5,6.5,6.5,6.5,0.0,0.0,0.0,5.726666666666667,4.918333333333334,0.41860880704224634,11,-0.5000000000000004,0.8660254037844384,5.22
5.22,6.21,5.49,5.08,5.69,2.213279678068392,1.998001998001997,1.998001998001997,1.6064257028112428,2.4415055951169995,6.5,6.5,6.5,6.5,0.0,0.0,0.0,5.636666666666667,4.941666666666666,0.5132575701666112,12,-2.4492935982947064e-16,1.0,4.063459570112582
4.063459570112582,5.48,6.21,3.6,5.1,1.812688821752273,2.213279678068392,1.998001998001997,1.998001998001997,1.9172552976791213,6.5,6.5,6.5,6.5,0.0,0.0,0.0,4.921153190037527,5.018909928352097,0.7540747703278339,1,0.49999999999999994,0.8660254037844387,3.4933605720122385
3.4933605720122385,5.22,5.48,3.65,5.09,1.6112789526686822,1.812688821752273,2.213279678068392,1.998001998001997,1.306532663316573,6.25,6.5,6.5,6.5,-0.25,0.0,0.0,4.258940047374941,4.9928033570208035,0.8797615536686803,2,0.8660254037844386,0.5000000000000001,3.564862104187938
3.564862104187938,4.063459570112582,5.22,5.49,4.85,1.2072434607645732,1.6112789526686822,1.812688821752273,2.213279678068392,1.6064257028112428,6.25,6.25,6.5,6.5,0.0,-0.25,0.0,3.707227415437586,4.6719470410521255,0.3105706494409638,3,1.0,6.123233995736766e-17,3.3367243133265445
3.3367243133265445,3.4933605720122385,4.063459570112582,6.21,4.83,0.6006006006005871,1.2072434607645732,1.6112789526686822,1.812688821752273,1.998001998001997,6.0,6.25,6.5,6.5,-0.25,0.0,0.0,3.464982329842241,4.193067759939884,0.11668635899837498,4,0.8660254037844387,-0.4999999999999998,3.033367037411528
3.033367037411528,3.564862104187938,3.4933605720122385,5.48,4.8,-0.1992031872509958,0.6006006006005871,1.2072434607645732,1.6112789526686822,1.998001998001997,6.0,6.0,6.25,6.5,0.0,-0.25,-0.25,3.3116511516420037,3.7852955995084723,0.26663317325416475,5,0.49999999999999994,-0.8660254037844387,2.305389221556897
2.305389221556897,3.3367243133265445,3.564862104187938,5.22,5.08,-0.3972194637537285,-0.1992031872509958,0.6006006006005871,1.2072434607645732,2.213279678068392,5.5,6.0,6.25,6.5,-0.5,0.0,0.0,2.891826857431657,3.2995271364346213,0.530036069329681,6,1.2246467991473532e-16,-1.0,1.6224188790560312
1.6224188790560312,3.033367037411528,3.3367243133265445,4.063459570112582,3.6,-0.7920792079207928,-0.3972194637537285,-0.1992031872509958,0.6006006006005871,1.812688821752273,5.5,5.5,6.0,6.5,0.0,-0.5,-0.25,2.320391712674819,2.8926870212585296,0.7055937091886071,7,-0.4999999999999997,-0.8660254037844388,2.0058997050147465
2.0058997050147465,2.305389221556897,3.033367037411528,3.4933605720122385,3.65,0.0,-0.7920792079207928,-0.3972194637537285,-0.1992031872509958,1.6112789526686822,5.5,5.5,6.0,6.25,0.0,0.0,0.0,1.9779026018758918,2.6447768767589475,0.3423448561350156,8,-0.8660254037844385,-0.5000000000000004,1.407624633431093
1.407624633431093,1.6224188790560312,2.305389221556897,3.564862104187938,5.49,-0.1976284584980225,0.0,-0.7920792079207928,-0.3972194637537285,1.2072434607645732,5.5,5.5,5.5,6.25,0.0,0.0,-0.5,1.6786477391672905,2.285237298299473,0.30307512080622806,9,-1.0,-1.8369701987210297e-16,0.0385728061716328
0.0385728061716328,2.0058997050147465,1.6224188790560312,3.3367243133265445,6.21,-1.175318315377072,-0.1976284584980225,0.0,-0.7920792079207928,0.6006006006005871,5.5,5.5,5.5,6.0,0.0,0.0,0.0,1.1506990482058244,1.7355453804403211,1.008514674650536,10,-0.8660254037844386,0.5000000000000001,0.4927536231884133
0.4927536231884133,1.407624633431093,2.0058997050147465,3.033367037411528,5.48,-0.5876591576885359,-1.175318315377072,-0.1976284584980225,0.0,-0.1992031872509958,5.5,5.5,5.5,6.0,0.0,0.0,0.0,0.64631702093038,1.3121098114031358,0.6973248986485536,11,-0.5000000000000004,0.8660254037844384,1.1661807580174877
1.1661807580174877,0.0385728061716328,1.407624633431093,2.305389221556897,5.22,0.2952755905512028,-0.5876591576885359,-1.175318315377072,-0.1976284584980225,-0.3972194637537285,5.25,5.5,5.5,5.5,-0.25,0.0,0.0,0.5658357291258449,1.1222417341465674,0.5673452819251652,12,-2.4492935982947064e-16,1.0,2.73433657912856
2.73433657912856,0.4927536231884133,0.0385728061716328,1.6224188790560312,4.063459570112582,1.186943620178038,0.2952755905512028,-0.5876591576885359,-1.175318315377072,-0.7920792079207928,5.25,5.25,5.5,5.5,0.0,-0.25,0.0,1.4644236534448207,1.307561350825322,1.1501674467637517,1,0.49999999999999994,0.8660254037844387,3.207658902487176
3.207658902487176,1.1661807580174877,0.4927536231884133,2.0058997050147465,3.4933605720122385,2.18037661050543,1.186943620178038,0.2952755905512028,-0.5876591576885359,0.0,5.25,5.25,5.5,5.5,0.0,0.0,0.0,2.3693920798777417,1.5078545504040608,1.0685488380214359,2,0.8660254037844386,0.5000000000000001,3.4027024361376945
3.4027024361376945,2.73433657912856,1.1661807580174877,1.407624633431093,3.564862104187938,3.976143141153088,2.18037661050543,1.186943620178038,0.2952755905512028,-0.1976284584980225,5.25,5.25,5.25,5.5,0.0,0.0,-0.25,3.114899305917811,1.8403675175218275,0.34370261385491596,3,1.0,6.123233995736766e-17,3.484937979917313
3.484937979917313,3.207658902487176,2.73433657912856,0.0385728061716328,3.3367243133265445,8.358208955223878,3.976143141153088,2.18037661050543,1.186943620178038,-1.175318315377072,5.25,5.25,5.25,5.5,0.0,0.0,0.0,3.3650997728473953,2.4147617131461074,0.142412751922173,4,0.8660254037844387,-0.4999999999999998,3.935230618253183
3.935230618253183,3.4027024361376945,3.207658902487176,0.4927536231884133,3.033367037411528,9.880239520958067,8.358208955223878,3.976143141153088,2.18037661050543,-0.5876591576885359,5.25,5.25,5.25,5.5,0.0,0.0,0.0,3.60762367810273,2.9885078789902355,0.28667996370737786,5,0.49999999999999994,-0.8660254037844387,4.380060481904202
4.380060481904202,3.484937979917313,3.4027024361376945,1.1661807580174877,2.305389221556897,9.870388833499511,9.880239520958067,8.358208955223878,3.976143141153088,0.2952755905512028,5.25,5.25,5.25,5.25,0.0,0.0,0.0,3.9334096933582328,3.5241544996380214,0.4475640291806784,6,1.2246467991473532e-16,-1.0,4.441219158200305
