date,wpi_inflation,year,month,wpi_index
2012-04-01,,,,
2012-05-01,,,,
2012-06-01,,,,
2012-07-01,,,,
2012-08-01,,,,
2012-09-01,,,,
2012-10-01,,,,
2012-11-01,,,,
2012-12-01,,,,
2013-01-01,,,,
2013-02-01,,,,
2013-03-01,,,,
2013-04-01,3.72492836676217,,,
2013-05-01,3.1339031339031376,,,
2013-06-01,4.55840455840455,,,
2013-07-01,4.708097928436916,,,
2013-08-01,5.612722170252571,,,
2013-09-01,6.226765799256517,,,
2013-10-01,6.703910614525133,,,
2013-11-01,6.523765144454807,,,
2013-12-01,5.882352941176472,,,
2014-01-01,5.185185185185182,,,
2014-02-01,4.797047970479684,,,
2014-03-01,5.248618784530379,,,
2014-04-01,5.064456721915289,,,
2014-05-01,5.7090239410681365,,,
2014-06-01,4.632152588555871,,,
2014-07-01,4.9460431654676285,,,
2014-08-01,3.80868024800709,,,
2014-09-01,1.8372703412073528,,,
2014-10-01,0.8726003490401313,,,
2014-11-01,-0.1749781277340378,,,
2014-12-01,-1.146384479717821,,,
2015-01-01,-2.464788732394363,,,
2015-02-01,-3.521126760563376,,,
2015-03-01,-3.849518810148722,,,
2015-04-01,-3.4180543382997253,,,
2015-05-01,-2.9616724738675937,,,
2015-06-01,-2.951388888888895,,,
2015-07-01,-4.798628963153395,,,
2015-08-01,-6.1433447098976135,,,
2015-09-01,-5.584192439862545,,,
2015-10-01,-4.757785467128029,,,
2015-11-01,-3.6809815950920144,,,
2015-12-01,-2.408563782337192,,,
2016-01-01,-2.527075812274371,,,
2016-02-01,-2.2810218978102204,,,
2016-03-01,-2.0018198362147466,,,
2016-04-01,-1.0889292196007316,,,
2016-05-01,-0.8976660682226245,,,
2016-06-01,-0.0894454382826426,,,
2016-07-01,0.6300630063006407,,,
2016-08-01,1.090909090909098,,,
2016-09-01,1.364877161055511,,,
2016-10-01,1.2715712988192518,,,
2016-11-01,1.8198362147406664,,,
2016-12-01,2.10237659963437,,,
2017-01-01,4.259259259259252,,,
2017-02-01,5.50887021475257,,,
2017-03-01,5.106778087279484,,,
2017-04-01,3.8532110091743066,,,
2017-05-01,2.264492753623193,,,
2017-06-01,0.8952551477170889,,,
2017-07-01,1.878354203935606,,,
2017-08-01,3.237410071942448,,,
2017-09-01,3.14183123877918,,,
2017-10-01,3.677130044843047,,,
2017-11-01,4.021447721179627,,,
2017-12-01,3.5810205908684,,,
2018-01-01,3.0195381882770933,,,
2018-02-01,2.743362831858409,,,
2018-03-01,2.738515901060068,,,
2018-04-01,3.621908127208484,,,
2018-05-01,4.782993799822854,,,
2018-06-01,5.67879325643299,,,
2018-07-01,5.267778753292363,,,
2018-08-01,4.616724738675959,,,
2018-09-01,5.22193211488251,,,
2018-10-01,5.536332179930792,,,
2018-11-01,4.4673539518900185,,,
2018-12-01,3.457216940363006,,,
2019-01-01,2.758620689655178,,,
2019-02-01,2.9285099052541064,,,
2019-03-01,3.095442820292349,,,
2019-04-01,3.239556692242118,,,
2019-05-01,2.789518174133554,,,
2019-06-01,2.015113350125941,,,
2019-07-01,1.1676396997497784,,,
2019-08-01,1.1656952539550458,,,
2019-09-01,0.3308519437551727,,,
2019-10-01,0.0,,,
2019-11-01,0.5756578947368363,,,
2019-12-01,2.7568922305764465,,,
2020-01-01,3.523489932885915,,,
2020-02-01,2.259414225941425,,,
2020-03-01,0.417014178482078,,,
2020-04-01,-1.5689512799339278,,,
2020-05-01,-3.3717105263157854,,,
2020-06-01,-1.810699588477372,,,
2020-07-01,-0.2473206924979321,,,
2020-08-01,0.4115226337448652,,,
2020-09-01,1.3190436933223415,,,
2020-10-01,1.3114754098360717,,,
2020-11-01,2.289452166802941,,,
2020-12-01,1.951219512195124,,,
2021-01-01,2.5121555915721183,,,
2021-02-01,4.828150572831413,,,
2021-03-01,7.890365448504988,,,
2021-04-01,10.738255033557053,,,
2021-05-01,13.10638297872342,,,
2021-06-01,12.070410729253966,,,
2021-07-01,11.570247933884303,,,
2021-08-01,11.63934426229507,,,
2021-09-01,11.79820992676972,,,
2021-10-01,13.834951456310684,,,
2021-11-01,14.868105515587526,,,
2021-12-01,14.274322169059015,,,
2022-01-01,13.675889328063253,,,
2022-02-01,13.42701014832164,,,
2022-03-01,14.626635873749038,,,
2022-04-01,15.37878787878788,,,
2022-05-01,16.62904439428141,,,
2022-06-01,16.23036649214662,,,
2022-07-01,14.074074074074083,,,
2022-08-01,12.481644640234958,,,
2022-09-01,10.55312954876273,,,
2022-10-01,8.67093105899077,,,
2022-11-01,6.123869171885876,,,
2022-12-01,5.024424284717366,,,
2023-01-01,4.798331015299007,,,
2023-02-01,3.854094975911893,,,
2023-03-01,1.410342511752849,,,
2023-04-01,,2023.0,April,99.0
2023-05-01,,2023.0,May,98.6
2023-06-01,,2023.0,June,98.3
2023-07-01,,2023.0,July,99.1
2023-08-01,,2023.0,August,99.5
2023-09-01,,2023.0,September,99.6
2023-10-01,,2023.0,October,100.1
2023-11-01,,2023.0,November,100.1
2023-12-01,,2023.0,December,99.4
2024-01-01,,2024.0,January,99.3
2024-02-01,,2024.0,February,99.3
2024-03-01,,2024.0,March,99.4
2024-04-01,0.9090909090909147,2024.0,April,99.9
2024-05-01,1.8255578093306406,2024.0,May,100.4
2024-06-01,2.4415055951169946,2024.0,June,100.7
2024-07-01,1.9172552976791177,2024.0,July,101.0
2024-08-01,1.3065326633165801,2024.0,August,100.8
2024-09-01,1.6064257028112534,2024.0,September,101.2
2024-10-01,1.998001998001998,2024.0,October,102.1
2024-11-01,1.998001998001998,2024.0,November,102.1
2024-12-01,2.2132796780683988,2024.0,December,101.6
2025-01-01,1.812688821752263,2025.0,January,101.1
2025-02-01,1.6112789526686895,2025.0,February,100.9
2025-03-01,1.207243460764576,2025.0,March,100.6
2025-04-01,0.6006006006005948,2025.0,April,100.5
2025-05-01,-0.19920318725099884,2025.0,May,100.2
2025-06-01,-0.3972194637537296,2025.0,June,100.3
2025-07-01,-0.7920792079207893,2025.0,July,100.2
2025-08-01,0.0,2025.0,August,100.8
2025-09-01,-0.19762845849802652,2025.0,September,101.0
2025-10-01,-1.17531831537707,2025.0,October,100.9
2025-11-01,-0.587659157688535,2025.0,November,101.5
2025-12-01,0.2952755905511923,2025.0,December,101.9
2026-01-01,1.1869436201780443,2026.0,January,102.3
2026-02-01,2.1803766105054394,2026.0,February,103.1
2026-03-01,3.9761431411530817,2026.0,March,104.6
2026-04-01,8.358208955223887,2026.0,April,108.9
2026-05-01,9.880239520958076,2026.0,May,110.1
2026-06-01,9.970089730807578,2026.0,June,110.3
2026-07-01,9.780439121756485,2026.0,July,110.0
2026-08-01,9.920634920634921,2026.0,August,110.8
